"ts","enso1","year","month","time","enso2"
1870.79,-0.874382,1870,10,"1870-10-15 00:00:00",-1
1870.88,-0.734804,1870,11,"1870-11-15 00:00:00",-1
1870.04,-0.960789,1870,1,"1870-1-15 00:00:00",-1
1870.96,-0.780357,1870,12,"1870-12-15 00:00:00",-1
1870.12,-1.18087,1870,2,"1870-2-15 00:00:00",-1
1870.21,-0.77055,1870,3,"1870-3-15 00:00:00",-1
1870.29,-0.734835,1870,4,"1870-4-15 00:00:00",-1
1870.38,-1.18979,1870,5,"1870-5-15 00:00:00",-1
1870.46,-0.987436,1870,6,"1870-6-15 00:00:00",-1
1870.54,-0.919346,1870,7,"1870-7-15 00:00:00",-1
1870.62,-0.797125,1870,8,"1870-8-15 00:00:00",-1
1870.71,-0.475054,1870,9,"1870-9-15 00:00:00",0
1871.79,-0.280622,1871,10,"1871-10-15 00:00:00",0
1871.88,-0.238005,1871,11,"1871-11-15 00:00:00",0
1871.04,-0.196669,1871,1,"1871-1-15 00:00:00",0
1871.96,-0.556187,1871,12,"1871-12-15 00:00:00",-1
1871.12,-0.564884,1871,2,"1871-2-15 00:00:00",-1
1871.21,-0.376089,1871,3,"1871-3-15 00:00:00",0
1871.29,-0.429966,1871,4,"1871-4-15 00:00:00",0
1871.38,-0.624329,1871,5,"1871-5-15 00:00:00",-1
1871.46,-0.435986,1871,6,"1871-6-15 00:00:00",0
1871.54,-0.481686,1871,7,"1871-7-15 00:00:00",0
1871.62,-0.242195,1871,8,"1871-8-15 00:00:00",0
1871.71,-0.181084,1871,9,"1871-9-15 00:00:00",0
1872.79,-0.897081,1872,10,"1872-10-15 00:00:00",-1
1872.88,-0.735674,1872,11,"1872-11-15 00:00:00",-1
1872.04,-0.665409,1872,1,"1872-1-15 00:00:00",-1
1872.96,-0.859657,1872,12,"1872-12-15 00:00:00",-1
1872.12,-0.606184,1872,2,"1872-2-15 00:00:00",-1
1872.21,-0.44943,1872,3,"1872-3-15 00:00:00",0
1872.29,-0.700035,1872,4,"1872-4-15 00:00:00",-1
1872.38,-0.537619,1872,5,"1872-5-15 00:00:00",-1
1872.46,-0.432636,1872,6,"1872-6-15 00:00:00",0
1872.54,-0.200026,1872,7,"1872-7-15 00:00:00",0
1872.62,-0.765755,1872,8,"1872-8-15 00:00:00",-1
1872.71,-0.961565,1872,9,"1872-9-15 00:00:00",-1
1873.79,-0.725412,1873,10,"1873-10-15 00:00:00",-1
1873.88,-0.714514,1873,11,"1873-11-15 00:00:00",-1
1873.04,-0.734459,1873,1,"1873-1-15 00:00:00",-1
1873.96,-0.687757,1873,12,"1873-12-15 00:00:00",-1
1873.12,-0.997503,1873,2,"1873-2-15 00:00:00",-1
1873.21,-1.25541,1873,3,"1873-3-15 00:00:00",-1
1873.29,-0.594425,1873,4,"1873-4-15 00:00:00",-1
1873.38,-0.44858,1873,5,"1873-5-15 00:00:00",0
1873.46,-0.380806,1873,6,"1873-6-15 00:00:00",0
1873.54,-0.455126,1873,7,"1873-7-15 00:00:00",0
1873.62,-0.303225,1873,8,"1873-8-15 00:00:00",0
1873.71,-0.280264,1873,9,"1873-9-15 00:00:00",0
1874.79,-1.19778,1874,10,"1874-10-15 00:00:00",-1
1874.88,-1.26558,1874,11,"1874-11-15 00:00:00",-1
1874.04,-0.89106,1874,1,"1874-1-15 00:00:00",-1
1874.96,-1.12264,1874,12,"1874-12-15 00:00:00",-1
1874.12,-1.05517,1874,2,"1874-2-15 00:00:00",-1
1874.21,-1.35529,1874,3,"1874-3-15 00:00:00",-1
1874.29,-0.874575,1874,4,"1874-4-15 00:00:00",-1
1874.38,-0.78299,1874,5,"1874-5-15 00:00:00",-1
1874.46,-0.633625,1874,6,"1874-6-15 00:00:00",-1
1874.54,-0.893045,1874,7,"1874-7-15 00:00:00",-1
1874.62,-0.978405,1874,8,"1874-8-15 00:00:00",-1
1874.71,-1.07768,1874,9,"1874-9-15 00:00:00",-1
1875.79,-0.778912,1875,10,"1875-10-15 00:00:00",-1
1875.88,-0.575594,1875,11,"1875-11-15 00:00:00",-1
1875.04,-0.667139,1875,1,"1875-1-15 00:00:00",-1
1875.96,-0.733778,1875,12,"1875-12-15 00:00:00",-1
1875.12,-0.361464,1875,2,"1875-2-15 00:00:00",0
1875.21,-0.54121,1875,3,"1875-3-15 00:00:00",-1
1875.29,-0.794556,1875,4,"1875-4-15 00:00:00",-1
1875.38,-1.005,1875,5,"1875-5-15 00:00:00",-1
1875.46,-0.665665,1875,6,"1875-6-15 00:00:00",-1
1875.54,-0.725386,1875,7,"1875-7-15 00:00:00",-1
1875.62,-0.719074,1875,8,"1875-8-15 00:00:00",-1
1875.71,-0.848925,1875,9,"1875-9-15 00:00:00",-1
1876.79,0.168028,1876,10,"1876-10-15 00:00:00",0
1876.88,0.215565,1876,11,"1876-11-15 00:00:00",0
1876.04,-0.900089,1876,1,"1876-1-15 00:00:00",-1
1876.96,0.246042,1876,12,"1876-12-15 00:00:00",0
1876.12,-1.18644,1876,2,"1876-2-15 00:00:00",-1
1876.21,-1.08263,1876,3,"1876-3-15 00:00:00",-1
1876.29,-1.11302,1876,4,"1876-4-15 00:00:00",-1
1876.38,-1.00942,1876,5,"1876-5-15 00:00:00",-1
1876.46,-0.342995,1876,6,"1876-6-15 00:00:00",0
1876.54,-0.225487,1876,7,"1876-7-15 00:00:00",0
1876.62,-0.0762157,1876,8,"1876-8-15 00:00:00",0
1876.71,0.036335,1876,9,"1876-9-15 00:00:00",0
1877.79,2.00849,1877,10,"1877-10-15 00:00:00",2
1877.88,2.15948,1877,11,"1877-11-15 00:00:00",2
1877.04,0.402201,1877,1,"1877-1-15 00:00:00",0
1877.96,2.51786,1877,12,"1877-12-15 00:00:00",3
1877.12,0.467297,1877,2,"1877-2-15 00:00:00",0
1877.21,0.572411,1877,3,"1877-3-15 00:00:00",1
1877.29,0.573395,1877,4,"1877-4-15 00:00:00",1
1877.38,0.84251,1877,5,"1877-5-15 00:00:00",1
1877.46,1.07464,1877,6,"1877-6-15 00:00:00",1
1877.54,1.54055,1877,7,"1877-7-15 00:00:00",2
1877.62,1.63641,1877,8,"1877-8-15 00:00:00",2
1877.71,1.81496,1877,9,"1877-9-15 00:00:00",2
1878.79,-0.486313,1878,10,"1878-10-15 00:00:00",0
1878.88,-0.646114,1878,11,"1878-11-15 00:00:00",-1
1878.04,2.47753,1878,1,"1878-1-15 00:00:00",2
1878.96,-0.742807,1878,12,"1878-12-15 00:00:00",-1
1878.12,2.4528,1878,2,"1878-2-15 00:00:00",2
1878.21,1.36597,1878,3,"1878-3-15 00:00:00",1
1878.29,0.993685,1878,4,"1878-4-15 00:00:00",1
1878.38,0.907181,1878,5,"1878-5-15 00:00:00",1
1878.46,1.01352,1878,6,"1878-6-15 00:00:00",1
1878.54,0.368895,1878,7,"1878-7-15 00:00:00",0
1878.62,-0.031765,1878,8,"1878-8-15 00:00:00",0
1878.71,-0.263393,1878,9,"1878-9-15 00:00:00",0
1879.79,-0.881922,1879,10,"1879-10-15 00:00:00",-1
1879.88,-1.07259,1879,11,"1879-11-15 00:00:00",-1
1879.04,-0.499979,1879,1,"1879-1-15 00:00:00",0
1879.96,-1.01047,1879,12,"1879-12-15 00:00:00",-1
1879.12,-0.170874,1879,2,"1879-2-15 00:00:00",0
1879.21,-0.18763,1879,3,"1879-3-15 00:00:00",0
1879.29,-0.302206,1879,4,"1879-4-15 00:00:00",0
1879.38,-0.75127,1879,5,"1879-5-15 00:00:00",-1
1879.46,-0.571686,1879,6,"1879-6-15 00:00:00",-1
1879.54,-0.643036,1879,7,"1879-7-15 00:00:00",-1
1879.62,-0.608595,1879,8,"1879-8-15 00:00:00",-1
1879.71,-0.770655,1879,9,"1879-9-15 00:00:00",-1
1880.79,0.223028,1880,10,"1880-10-15 00:00:00",0
1880.88,0.306896,1880,11,"1880-11-15 00:00:00",0
1880.04,-0.9566,1880,1,"1880-1-15 00:00:00",-1
1880.96,0.199802,1880,12,"1880-12-15 00:00:00",0
1880.12,-0.717674,1880,2,"1880-2-15 00:00:00",-1
1880.21,-0.572371,1880,3,"1880-3-15 00:00:00",-1
1880.29,-0.496315,1880,4,"1880-4-15 00:00:00",0
1880.38,-0.629429,1880,5,"1880-5-15 00:00:00",-1
1880.46,-0.517485,1880,6,"1880-6-15 00:00:00",-1
1880.54,-0.413586,1880,7,"1880-7-15 00:00:00",0
1880.62,-0.155476,1880,8,"1880-8-15 00:00:00",0
1880.71,0.0359554,1880,9,"1880-9-15 00:00:00",0
1881.79,-0.374641,1881,10,"1881-10-15 00:00:00",0
1881.88,-0.531096,1881,11,"1881-11-15 00:00:00",-1
1881.04,0.339941,1881,1,"1881-1-15 00:00:00",0
1881.96,-0.354067,1881,12,"1881-12-15 00:00:00",0
1881.12,0.242437,1881,2,"1881-2-15 00:00:00",0
1881.21,0.369341,1881,3,"1881-3-15 00:00:00",0
1881.29,0.475624,1881,4,"1881-4-15 00:00:00",0
1881.38,0.242361,1881,5,"1881-5-15 00:00:00",0
1881.46,0.321255,1881,6,"1881-6-15 00:00:00",0
1881.54,-0.145027,1881,7,"1881-7-15 00:00:00",0
1881.62,-0.0853844,1881,8,"1881-8-15 00:00:00",0
1881.71,-0.277414,1881,9,"1881-9-15 00:00:00",0
1882.79,-0.604563,1882,10,"1882-10-15 00:00:00",-1
1882.88,-0.857475,1882,11,"1882-11-15 00:00:00",-1
1882.04,-0.404049,1882,1,"1882-1-15 00:00:00",0
1882.96,-0.740198,1882,12,"1882-12-15 00:00:00",-1
1882.12,-0.541153,1882,2,"1882-2-15 00:00:00",-1
1882.21,-0.482899,1882,3,"1882-3-15 00:00:00",0
1882.29,0.165314,1882,4,"1882-4-15 00:00:00",0
1882.38,0.0913715,1882,5,"1882-5-15 00:00:00",0
1882.46,-0.317585,1882,6,"1882-6-15 00:00:00",0
1882.54,-0.463017,1882,7,"1882-7-15 00:00:00",0
1882.62,-0.253904,1882,8,"1882-8-15 00:00:00",0
1882.71,-0.456964,1882,9,"1882-9-15 00:00:00",0
1883.79,-0.372622,1883,10,"1883-10-15 00:00:00",0
1883.88,-0.158884,1883,11,"1883-11-15 00:00:00",0
1883.04,-0.416519,1883,1,"1883-1-15 00:00:00",0
1883.96,-0.127317,1883,12,"1883-12-15 00:00:00",0
1883.12,-0.483463,1883,2,"1883-2-15 00:00:00",0
1883.21,-0.35203,1883,3,"1883-3-15 00:00:00",0
1883.29,-0.154955,1883,4,"1883-4-15 00:00:00",0
1883.38,-0.295359,1883,5,"1883-5-15 00:00:00",0
1883.46,-0.112555,1883,6,"1883-6-15 00:00:00",0
1883.54,0.110764,1883,7,"1883-7-15 00:00:00",0
1883.62,0.0638657,1883,8,"1883-8-15 00:00:00",0
1883.71,-0.109585,1883,9,"1883-9-15 00:00:00",0
1884.79,0.345718,1884,10,"1884-10-15 00:00:00",0
1884.88,0.370575,1884,11,"1884-11-15 00:00:00",0
1884.04,-0.0665398,1884,1,"1884-1-15 00:00:00",0
1884.96,0.370592,1884,12,"1884-12-15 00:00:00",0
1884.12,7.62939e-05,1884,2,"1884-2-15 00:00:00",0
1884.21,0.0486298,1884,3,"1884-3-15 00:00:00",0
1884.29,0.334225,1884,4,"1884-4-15 00:00:00",0
1884.38,0.480501,1884,5,"1884-5-15 00:00:00",0
1884.46,-0.0438461,1884,6,"1884-6-15 00:00:00",0
1884.54,0.400154,1884,7,"1884-7-15 00:00:00",0
1884.62,0.288746,1884,8,"1884-8-15 00:00:00",0
1884.71,0.242105,1884,9,"1884-9-15 00:00:00",0
1885.79,0.770008,1885,10,"1885-10-15 00:00:00",1
1885.88,0.869036,1885,11,"1885-11-15 00:00:00",1
1885.04,0.179441,1885,1,"1885-1-15 00:00:00",0
1885.96,1.04294,1885,12,"1885-12-15 00:00:00",1
1885.12,0.287746,1885,2,"1885-2-15 00:00:00",0
1885.21,0.17021,1885,3,"1885-3-15 00:00:00",0
1885.29,0.0498543,1885,4,"1885-4-15 00:00:00",0
1885.38,0.514671,1885,5,"1885-5-15 00:00:00",1
1885.46,0.253714,1885,6,"1885-6-15 00:00:00",0
1885.54,0.191994,1885,7,"1885-7-15 00:00:00",0
1885.62,0.419155,1885,8,"1885-8-15 00:00:00",0
1885.71,0.574495,1885,9,"1885-9-15 00:00:00",1
1886.79,-1.08793,1886,10,"1886-10-15 00:00:00",-1
1886.88,-1.28581,1886,11,"1886-11-15 00:00:00",-1
1886.04,0.21497,1886,1,"1886-1-15 00:00:00",0
1886.96,-1.42204,1886,12,"1886-12-15 00:00:00",-1
1886.12,-0.0901928,1886,2,"1886-2-15 00:00:00",0
1886.21,-0.0708904,1886,3,"1886-3-15 00:00:00",0
1886.29,-0.302895,1886,4,"1886-4-15 00:00:00",0
1886.38,-0.77319,1886,5,"1886-5-15 00:00:00",-1
1886.46,-0.811405,1886,6,"1886-6-15 00:00:00",-1
1886.54,-0.853966,1886,7,"1886-7-15 00:00:00",-1
1886.62,-0.942434,1886,8,"1886-8-15 00:00:00",-1
1886.71,-1.14955,1886,9,"1886-9-15 00:00:00",-1
1887.79,-0.0750217,1887,10,"1887-10-15 00:00:00",0
1887.88,0.095026,1887,11,"1887-11-15 00:00:00",0
1887.04,-0.63121,1887,1,"1887-1-15 00:00:00",-1
1887.96,0.168583,1887,12,"1887-12-15 00:00:00",0
1887.12,-1.01989,1887,2,"1887-2-15 00:00:00",-1
1887.21,-1.128,1887,3,"1887-3-15 00:00:00",-1
1887.29,-1.10752,1887,4,"1887-4-15 00:00:00",-1
1887.38,-1.06193,1887,5,"1887-5-15 00:00:00",-1
1887.46,-0.469606,1887,6,"1887-6-15 00:00:00",0
1887.54,-0.427687,1887,7,"1887-7-15 00:00:00",0
1887.62,-0.541115,1887,8,"1887-8-15 00:00:00",-1
1887.71,-0.286274,1887,9,"1887-9-15 00:00:00",0
1888.79,1.47641,1888,10,"1888-10-15 00:00:00",1
1888.88,2.28341,1888,11,"1888-11-15 00:00:00",2
1888.04,0.198931,1888,1,"1888-1-15 00:00:00",0
1888.96,1.69864,1888,12,"1888-12-15 00:00:00",2
1888.12,0.672577,1888,2,"1888-2-15 00:00:00",1
1888.21,0.447531,1888,3,"1888-3-15 00:00:00",0
1888.29,0.372154,1888,4,"1888-4-15 00:00:00",0
1888.38,0.559031,1888,5,"1888-5-15 00:00:00",1
1888.46,0.490845,1888,6,"1888-6-15 00:00:00",0
1888.54,0.679064,1888,7,"1888-7-15 00:00:00",1
1888.62,1.0144,1888,8,"1888-8-15 00:00:00",1
1888.71,0.649326,1888,9,"1888-9-15 00:00:00",1
1889.79,-1.26081,1889,10,"1889-10-15 00:00:00",-1
1889.88,-1.01867,1889,11,"1889-11-15 00:00:00",-1
1889.04,2.04689,1889,1,"1889-1-15 00:00:00",2
1889.96,-1.22787,1889,12,"1889-12-15 00:00:00",-1
1889.12,1.49084,1889,2,"1889-2-15 00:00:00",1
1889.21,0.885721,1889,3,"1889-3-15 00:00:00",1
1889.29,0.540405,1889,4,"1889-4-15 00:00:00",1
1889.38,0.407711,1889,5,"1889-5-15 00:00:00",0
1889.46,0.188625,1889,6,"1889-6-15 00:00:00",0
1889.54,-0.642675,1889,7,"1889-7-15 00:00:00",-1
1889.62,-0.914154,1889,8,"1889-8-15 00:00:00",-1
1889.71,-0.863684,1889,9,"1889-9-15 00:00:00",-1
1890.79,-1.20902,1890,10,"1890-10-15 00:00:00",-1
1890.88,-1.00718,1890,11,"1890-11-15 00:00:00",-1
1890.04,-2.44057,1890,1,"1890-1-15 00:00:00",-2
1890.96,-0.665956,1890,12,"1890-12-15 00:00:00",-1
1890.12,-2.09787,1890,2,"1890-2-15 00:00:00",-2
1890.21,-1.09614,1890,3,"1890-3-15 00:00:00",-1
1890.29,-1.07566,1890,4,"1890-4-15 00:00:00",-1
1890.38,-0.917099,1890,5,"1890-5-15 00:00:00",-1
1890.46,-0.768795,1890,6,"1890-6-15 00:00:00",-1
1890.54,-0.799797,1890,7,"1890-7-15 00:00:00",-1
1890.62,-1.28831,1890,8,"1890-8-15 00:00:00",-1
1890.71,-1.22982,1890,9,"1890-9-15 00:00:00",-1
1891.79,0.018158,1891,10,"1891-10-15 00:00:00",0
1891.88,0.119205,1891,11,"1891-11-15 00:00:00",0
1891.04,-0.401279,1891,1,"1891-1-15 00:00:00",0
1891.96,0.0272331,1891,12,"1891-12-15 00:00:00",0
1891.12,-0.242304,1891,2,"1891-2-15 00:00:00",0
1891.21,-0.0186501,1891,3,"1891-3-15 00:00:00",0
1891.29,0.216345,1891,4,"1891-4-15 00:00:00",0
1891.38,0.212101,1891,5,"1891-5-15 00:00:00",0
1891.46,0.381304,1891,6,"1891-6-15 00:00:00",0
1891.54,0.235483,1891,7,"1891-7-15 00:00:00",0
1891.62,0.137835,1891,8,"1891-8-15 00:00:00",0
1891.71,-0.0233345,1891,9,"1891-9-15 00:00:00",0
1892.79,-1.49688,1892,10,"1892-10-15 00:00:00",-1
1892.88,-1.56413,1892,11,"1892-11-15 00:00:00",-2
1892.04,-0.45462,1892,1,"1892-1-15 00:00:00",0
1892.96,-1.16897,1892,12,"1892-12-15 00:00:00",-1
1892.12,-0.330124,1892,2,"1892-2-15 00:00:00",0
1892.21,-0.52914,1892,3,"1892-3-15 00:00:00",-1
1892.29,-0.581566,1892,4,"1892-4-15 00:00:00",-1
1892.38,-0.64579,1892,5,"1892-5-15 00:00:00",-1
1892.46,-0.478035,1892,6,"1892-6-15 00:00:00",0
1892.54,-0.505047,1892,7,"1892-7-15 00:00:00",-1
1892.62,-0.538074,1892,8,"1892-8-15 00:00:00",-1
1892.71,-1.01078,1892,9,"1892-9-15 00:00:00",-1
1893.79,-1.30551,1893,10,"1893-10-15 00:00:00",-1
1893.88,-1.23234,1893,11,"1893-11-15 00:00:00",-1
1893.04,-1.18826,1893,1,"1893-1-15 00:00:00",-1
1893.96,-0.978407,1893,12,"1893-12-15 00:00:00",-1
1893.12,-1.1511,1893,2,"1893-2-15 00:00:00",-1
1893.21,-1.18798,1893,3,"1893-3-15 00:00:00",-1
1893.29,-1.23081,1893,4,"1893-4-15 00:00:00",-1
1893.38,-1.23295,1893,5,"1893-5-15 00:00:00",-1
1893.46,-1.08718,1893,6,"1893-6-15 00:00:00",-1
1893.54,-1.18889,1893,7,"1893-7-15 00:00:00",-1
1893.62,-1.1962,1893,8,"1893-8-15 00:00:00",-1
1893.71,-1.20972,1893,9,"1893-9-15 00:00:00",-1
1894.79,-0.767813,1894,10,"1894-10-15 00:00:00",-1
1894.88,-0.855284,1894,11,"1894-11-15 00:00:00",-1
1894.04,-1.03299,1894,1,"1894-1-15 00:00:00",-1
1894.96,-0.463127,1894,12,"1894-12-15 00:00:00",0
1894.12,-1.11401,1894,2,"1894-2-15 00:00:00",-1
1894.21,-1.00348,1894,3,"1894-3-15 00:00:00",-1
1894.29,-0.842556,1894,4,"1894-4-15 00:00:00",-1
1894.38,-0.912369,1894,5,"1894-5-15 00:00:00",-1
1894.46,-0.741066,1894,6,"1894-6-15 00:00:00",-1
1894.54,-0.762066,1894,7,"1894-7-15 00:00:00",-1
1894.62,-0.720684,1894,8,"1894-8-15 00:00:00",-1
1894.71,-1.04224,1894,9,"1894-9-15 00:00:00",-1
1895.79,0.376907,1895,10,"1895-10-15 00:00:00",0
1895.88,0.513226,1895,11,"1895-11-15 00:00:00",1
1895.04,-0.676609,1895,1,"1895-1-15 00:00:00",-1
1895.96,0.504013,1895,12,"1895-12-15 00:00:00",1
1895.12,-0.472313,1895,2,"1895-2-15 00:00:00",0
1895.21,-0.3494,1895,3,"1895-3-15 00:00:00",0
1895.29,-0.0955849,1895,4,"1895-4-15 00:00:00",0
1895.38,0.0540199,1895,5,"1895-5-15 00:00:00",0
1895.46,-0.114925,1895,6,"1895-6-15 00:00:00",0
1895.54,-0.139175,1895,7,"1895-7-15 00:00:00",0
1895.62,0.445406,1895,8,"1895-8-15 00:00:00",0
1895.71,0.480436,1895,9,"1895-9-15 00:00:00",0
1896.79,1.15287,1896,10,"1896-10-15 00:00:00",1
1896.88,1.58203,1896,11,"1896-11-15 00:00:00",2
1896.04,0.21278,1896,1,"1896-1-15 00:00:00",0
1896.96,1.58121,1896,12,"1896-12-15 00:00:00",2
1896.12,0.110287,1896,2,"1896-2-15 00:00:00",0
1896.21,0.20669,1896,3,"1896-3-15 00:00:00",0
1896.29,0.068634,1896,4,"1896-4-15 00:00:00",0
1896.38,0.0437012,1896,5,"1896-5-15 00:00:00",0
1896.46,-0.112436,1896,6,"1896-6-15 00:00:00",0
1896.54,0.554064,1896,7,"1896-7-15 00:00:00",1
1896.62,1.13345,1896,8,"1896-8-15 00:00:00",1
1896.71,1.09909,1896,9,"1896-9-15 00:00:00",1
1897.79,-0.513601,1897,10,"1897-10-15 00:00:00",-1
1897.88,-0.539875,1897,11,"1897-11-15 00:00:00",-1
1897.04,1.54705,1897,1,"1897-1-15 00:00:00",2
1897.96,-0.378498,1897,12,"1897-12-15 00:00:00",0
1897.12,1.15748,1897,2,"1897-2-15 00:00:00",1
1897.21,0.59775,1897,3,"1897-3-15 00:00:00",1
1897.29,-0.149345,1897,4,"1897-4-15 00:00:00",0
1897.38,-0.0883503,1897,5,"1897-5-15 00:00:00",0
1897.46,0.069664,1897,6,"1897-6-15 00:00:00",0
1897.54,0.184814,1897,7,"1897-7-15 00:00:00",0
1897.62,-0.0660343,1897,8,"1897-8-15 00:00:00",0
1897.71,-0.188654,1897,9,"1897-9-15 00:00:00",0
1898.79,-0.277672,1898,10,"1898-10-15 00:00:00",0
1898.88,-0.591415,1898,11,"1898-11-15 00:00:00",-1
1898.04,-0.45236,1898,1,"1898-1-15 00:00:00",0
1898.96,-0.766518,1898,12,"1898-12-15 00:00:00",-1
1898.12,-0.550303,1898,2,"1898-2-15 00:00:00",-1
1898.21,-0.736259,1898,3,"1898-3-15 00:00:00",-1
1898.29,-0.536505,1898,4,"1898-4-15 00:00:00",-1
1898.38,-0.49876,1898,5,"1898-5-15 00:00:00",0
1898.46,-0.189716,1898,6,"1898-6-15 00:00:00",0
1898.54,-0.513046,1898,7,"1898-7-15 00:00:00",-1
1898.62,-0.677364,1898,8,"1898-8-15 00:00:00",-1
1898.71,-0.126724,1898,9,"1898-9-15 00:00:00",0
1899.79,0.975828,1899,10,"1899-10-15 00:00:00",1
1899.88,1.35588,1899,11,"1899-11-15 00:00:00",1
1899.04,-0.691549,1899,1,"1899-1-15 00:00:00",-1
1899.96,1.52922,1899,12,"1899-12-15 00:00:00",2
1899.12,-0.689974,1899,2,"1899-2-15 00:00:00",-1
1899.21,-0.50778,1899,3,"1899-3-15 00:00:00",-1
1899.29,-0.263735,1899,4,"1899-4-15 00:00:00",0
1899.38,0.126371,1899,5,"1899-5-15 00:00:00",0
1899.46,0.189295,1899,6,"1899-6-15 00:00:00",0
1899.54,0.100113,1899,7,"1899-7-15 00:00:00",0
1899.62,0.725075,1899,8,"1899-8-15 00:00:00",1
1899.71,0.495216,1899,9,"1899-9-15 00:00:00",0
1900.79,0.464338,1900,10,"1900-10-15 00:00:00",0
1900.88,0.197046,1900,11,"1900-11-15 00:00:00",0
1900.04,1.4736,1900,1,"1900-1-15 00:00:00",1
1900.96,0.618282,1900,12,"1900-12-15 00:00:00",1
1900.12,1.31485,1900,2,"1900-2-15 00:00:00",1
1900.21,1.04526,1900,3,"1900-3-15 00:00:00",1
1900.29,0.735954,1900,4,"1900-4-15 00:00:00",1
1900.38,0.62438,1900,5,"1900-5-15 00:00:00",1
1900.46,0.857225,1900,6,"1900-6-15 00:00:00",1
1900.54,0.869514,1900,7,"1900-7-15 00:00:00",1
1900.62,0.864256,1900,8,"1900-8-15 00:00:00",1
1900.71,0.615026,1900,9,"1900-9-15 00:00:00",1
1901.79,-0.266361,1901,10,"1901-10-15 00:00:00",0
1901.88,-0.330605,1901,11,"1901-11-15 00:00:00",0
1901.04,0.86536,1901,1,"1901-1-15 00:00:00",1
1901.96,-0.328917,1901,12,"1901-12-15 00:00:00",0
1901.12,0.306286,1901,2,"1901-2-15 00:00:00",0
1901.21,0.0957012,1901,3,"1901-3-15 00:00:00",0
1901.29,-0.0599155,1901,4,"1901-4-15 00:00:00",0
1901.38,-0.11178,1901,5,"1901-5-15 00:00:00",0
1901.46,-0.167805,1901,6,"1901-6-15 00:00:00",0
1901.54,-0.181746,1901,7,"1901-7-15 00:00:00",0
1901.62,-0.295195,1901,8,"1901-8-15 00:00:00",0
1901.71,-0.246325,1901,9,"1901-9-15 00:00:00",0
1902.79,1.45069,1902,10,"1902-10-15 00:00:00",1
1902.88,1.61354,1902,11,"1902-11-15 00:00:00",2
1902.04,-0.4438,1902,1,"1902-1-15 00:00:00",0
1902.96,1.41901,1902,12,"1902-12-15 00:00:00",1
1902.12,-0.248863,1902,2,"1902-2-15 00:00:00",0
1902.21,-0.217279,1902,3,"1902-3-15 00:00:00",0
1902.29,0.271164,1902,4,"1902-4-15 00:00:00",0
1902.38,0.54932,1902,5,"1902-5-15 00:00:00",1
1902.46,0.861475,1902,6,"1902-6-15 00:00:00",1
1902.54,1.57045,1902,7,"1902-7-15 00:00:00",2
1902.62,1.3049,1902,8,"1902-8-15 00:00:00",1
1902.71,1.49619,1902,9,"1902-9-15 00:00:00",1
1903.79,-0.375002,1903,10,"1903-10-15 00:00:00",0
1903.88,-0.701405,1903,11,"1903-11-15 00:00:00",-1
1903.04,1.38657,1903,1,"1903-1-15 00:00:00",1
1903.96,-1.00366,1903,12,"1903-12-15 00:00:00",-1
1903.12,0.948616,1903,2,"1903-2-15 00:00:00",1
1903.21,0.84679,1903,3,"1903-3-15 00:00:00",1
1903.29,0.431185,1903,4,"1903-4-15 00:00:00",0
1903.38,-0.0188503,1903,5,"1903-5-15 00:00:00",0
1903.46,0.381124,1903,6,"1903-6-15 00:00:00",0
1903.54,-0.370617,1903,7,"1903-7-15 00:00:00",0
1903.62,-0.241634,1903,8,"1903-8-15 00:00:00",0
1903.71,-0.546755,1903,9,"1903-9-15 00:00:00",-1
1904.79,0.964527,1904,10,"1904-10-15 00:00:00",1
1904.88,0.225195,1904,11,"1904-11-15 00:00:00",0
1904.04,-0.676619,1904,1,"1904-1-15 00:00:00",-1
1904.96,0.876892,1904,12,"1904-12-15 00:00:00",1
1904.12,-0.772074,1904,2,"1904-2-15 00:00:00",-1
1904.21,-0.802639,1904,3,"1904-3-15 00:00:00",-1
1904.29,-0.652296,1904,4,"1904-4-15 00:00:00",-1
1904.38,-0.30558,1904,5,"1904-5-15 00:00:00",0
1904.46,0.236174,1904,6,"1904-6-15 00:00:00",0
1904.54,0.876724,1904,7,"1904-7-15 00:00:00",1
1904.62,0.629656,1904,8,"1904-8-15 00:00:00",1
1904.71,0.0628357,1904,9,"1904-9-15 00:00:00",0
1905.79,1.17434,1905,10,"1905-10-15 00:00:00",1
1905.88,0.900635,1905,11,"1905-11-15 00:00:00",1
1905.04,0.735071,1905,1,"1905-1-15 00:00:00",1
1905.96,1.19297,1905,12,"1905-12-15 00:00:00",1
1905.12,0.731567,1905,2,"1905-2-15 00:00:00",1
1905.21,0.981121,1905,3,"1905-3-15 00:00:00",1
1905.29,0.364105,1905,4,"1905-4-15 00:00:00",0
1905.38,1.1663,1905,5,"1905-5-15 00:00:00",1
1905.46,0.690834,1905,6,"1905-6-15 00:00:00",1
1905.54,0.940964,1905,7,"1905-7-15 00:00:00",1
1905.62,1.12966,1905,8,"1905-8-15 00:00:00",1
1905.71,1.48516,1905,9,"1905-9-15 00:00:00",1
1906.79,-0.815283,1906,10,"1906-10-15 00:00:00",-1
1906.88,-0.267994,1906,11,"1906-11-15 00:00:00",0
1906.04,0.953531,1906,1,"1906-1-15 00:00:00",1
1906.96,-0.502787,1906,12,"1906-12-15 00:00:00",-1
1906.12,0.689596,1906,2,"1906-2-15 00:00:00",1
1906.21,0.84667,1906,3,"1906-3-15 00:00:00",1
1906.29,0.525394,1906,4,"1906-4-15 00:00:00",1
1906.38,0.0998898,1906,5,"1906-5-15 00:00:00",0
1906.46,0.240175,1906,6,"1906-6-15 00:00:00",0
1906.54,-0.381765,1906,7,"1906-7-15 00:00:00",0
1906.62,-0.291105,1906,8,"1906-8-15 00:00:00",0
1906.71,-0.753763,1906,9,"1906-9-15 00:00:00",-1
1907.79,-0.196993,1907,10,"1907-10-15 00:00:00",0
1907.88,-0.187635,1907,11,"1907-11-15 00:00:00",0
1907.04,-0.5291,1907,1,"1907-1-15 00:00:00",-1
1907.96,-0.0706482,1907,12,"1907-12-15 00:00:00",0
1907.12,-0.397984,1907,2,"1907-2-15 00:00:00",0
1907.21,-0.382771,1907,3,"1907-3-15 00:00:00",0
1907.29,-0.488506,1907,4,"1907-4-15 00:00:00",0
1907.38,-0.389729,1907,5,"1907-5-15 00:00:00",0
1907.46,-0.314045,1907,6,"1907-6-15 00:00:00",0
1907.54,-0.431786,1907,7,"1907-7-15 00:00:00",0
1907.62,-0.575874,1907,8,"1907-8-15 00:00:00",-1
1907.71,0.190817,1907,9,"1907-9-15 00:00:00",0
1908.79,-0.452963,1908,10,"1908-10-15 00:00:00",0
1908.88,-0.812134,1908,11,"1908-11-15 00:00:00",-1
1908.04,-0.22193,1908,1,"1908-1-15 00:00:00",0
1908.96,-1.13812,1908,12,"1908-12-15 00:00:00",-1
1908.12,0.0901871,1908,2,"1908-2-15 00:00:00",0
1908.21,-0.57572,1908,3,"1908-3-15 00:00:00",-1
1908.29,-0.470146,1908,4,"1908-4-15 00:00:00",0
1908.38,-0.37842,1908,5,"1908-5-15 00:00:00",0
1908.46,-0.123756,1908,6,"1908-6-15 00:00:00",0
1908.54,-0.516626,1908,7,"1908-7-15 00:00:00",-1
1908.62,-0.316284,1908,8,"1908-8-15 00:00:00",0
1908.71,-0.470203,1908,9,"1908-9-15 00:00:00",0
1909.79,-1.19646,1909,10,"1909-10-15 00:00:00",-1
1909.88,-1.44615,1909,11,"1909-11-15 00:00:00",-1
1909.04,-0.23213,1909,1,"1909-1-15 00:00:00",0
1909.96,-1.06415,1909,12,"1909-12-15 00:00:00",-1
1909.12,-0.864784,1909,2,"1909-2-15 00:00:00",-1
1909.21,-0.48601,1909,3,"1909-3-15 00:00:00",0
1909.29,-0.615835,1909,4,"1909-4-15 00:00:00",-1
1909.38,-0.287489,1909,5,"1909-5-15 00:00:00",0
1909.46,-1.00558,1909,6,"1909-6-15 00:00:00",-1
1909.54,-0.880566,1909,7,"1909-7-15 00:00:00",-1
1909.62,-0.885216,1909,8,"1909-8-15 00:00:00",-1
1909.71,-0.792805,1909,9,"1909-9-15 00:00:00",-1
1910.79,-0.879871,1910,10,"1910-10-15 00:00:00",-1
1910.88,-0.454704,1910,11,"1910-11-15 00:00:00",0
1910.04,-0.87546,1910,1,"1910-1-15 00:00:00",-1
1910.96,-0.617567,1910,12,"1910-12-15 00:00:00",-1
1910.12,-0.626734,1910,2,"1910-2-15 00:00:00",-1
1910.21,-0.740191,1910,3,"1910-3-15 00:00:00",-1
1910.29,-1.10271,1910,4,"1910-4-15 00:00:00",-1
1910.38,-1.32713,1910,5,"1910-5-15 00:00:00",-1
1910.46,-0.944845,1910,6,"1910-6-15 00:00:00",-1
1910.54,-0.754745,1910,7,"1910-7-15 00:00:00",-1
1910.62,-0.812044,1910,8,"1910-8-15 00:00:00",-1
1910.71,-1.22741,1910,9,"1910-9-15 00:00:00",-1
1911.79,0.257238,1911,10,"1911-10-15 00:00:00",0
1911.88,0.910496,1911,11,"1911-11-15 00:00:00",1
1911.04,-0.515249,1911,1,"1911-1-15 00:00:00",-1
1911.96,0.994282,1911,12,"1911-12-15 00:00:00",1
1911.12,-0.570084,1911,2,"1911-2-15 00:00:00",-1
1911.21,-0.766689,1911,3,"1911-3-15 00:00:00",-1
1911.29,-1.03749,1911,4,"1911-4-15 00:00:00",-1
1911.38,-0.972528,1911,5,"1911-5-15 00:00:00",-1
1911.46,-0.542376,1911,6,"1911-6-15 00:00:00",-1
1911.54,-0.0964756,1911,7,"1911-7-15 00:00:00",0
1911.62,-0.188745,1911,8,"1911-8-15 00:00:00",0
1911.71,0.289267,1911,9,"1911-9-15 00:00:00",0
1912.79,-0.0794926,1912,10,"1912-10-15 00:00:00",0
1912.88,0.232944,1912,11,"1912-11-15 00:00:00",0
1912.04,1.60827,1912,1,"1912-1-15 00:00:00",2
1912.96,-0.469967,1912,12,"1912-12-15 00:00:00",0
1912.12,0.851437,1912,2,"1912-2-15 00:00:00",1
1912.21,0.74272,1912,3,"1912-3-15 00:00:00",1
1912.29,0.655884,1912,4,"1912-4-15 00:00:00",1
1912.38,0.0918903,1912,5,"1912-5-15 00:00:00",0
1912.46,-0.152935,1912,6,"1912-6-15 00:00:00",0
1912.54,0.0133533,1912,7,"1912-7-15 00:00:00",0
1912.62,-0.314276,1912,8,"1912-8-15 00:00:00",0
1912.71,0.154076,1912,9,"1912-9-15 00:00:00",0
1913.79,0.083828,1913,10,"1913-10-15 00:00:00",0
1913.88,0.868114,1913,11,"1913-11-15 00:00:00",1
1913.04,-0.14324,1913,1,"1913-1-15 00:00:00",0
1913.96,0.870302,1913,12,"1913-12-15 00:00:00",1
1913.12,0.197416,1913,2,"1913-2-15 00:00:00",0
1913.21,0.20878,1913,3,"1913-3-15 00:00:00",0
1913.29,-0.704746,1913,4,"1913-4-15 00:00:00",-1
1913.38,-0.199509,1913,5,"1913-5-15 00:00:00",0
1913.46,-0.0561447,1913,6,"1913-6-15 00:00:00",0
1913.54,-0.0249767,1913,7,"1913-7-15 00:00:00",0
1913.62,0.00239563,1913,8,"1913-8-15 00:00:00",0
1913.71,0.103867,1913,9,"1913-9-15 00:00:00",0
1914.79,0.307537,1914,10,"1914-10-15 00:00:00",0
1914.88,0.372246,1914,11,"1914-11-15 00:00:00",0
1914.04,0.75769,1914,1,"1914-1-15 00:00:00",1
1914.96,0.702732,1914,12,"1914-12-15 00:00:00",1
1914.12,0.814306,1914,2,"1914-2-15 00:00:00",1
1914.21,0.37674,1914,3,"1914-3-15 00:00:00",0
1914.29,0.772964,1914,4,"1914-4-15 00:00:00",1
1914.38,0.0897999,1914,5,"1914-5-15 00:00:00",0
1914.46,0.167044,1914,6,"1914-6-15 00:00:00",0
1914.54,0.652073,1914,7,"1914-7-15 00:00:00",1
1914.62,1.01258,1914,8,"1914-8-15 00:00:00",1
1914.71,0.744347,1914,9,"1914-9-15 00:00:00",1
1915.79,0.290148,1915,10,"1915-10-15 00:00:00",0
1915.88,-0.0874939,1915,11,"1915-11-15 00:00:00",0
1915.04,0.93718,1915,1,"1915-1-15 00:00:00",1
1915.96,-0.218798,1915,12,"1915-12-15 00:00:00",0
1915.12,0.666126,1915,2,"1915-2-15 00:00:00",1
1915.21,0.543131,1915,3,"1915-3-15 00:00:00",1
1915.29,0.547024,1915,4,"1915-4-15 00:00:00",1
1915.38,0.60022,1915,5,"1915-5-15 00:00:00",1
1915.46,1.198,1915,6,"1915-6-15 00:00:00",1
1915.54,0.183653,1915,7,"1915-7-15 00:00:00",0
1915.62,0.136206,1915,8,"1915-8-15 00:00:00",0
1915.71,0.226767,1915,9,"1915-9-15 00:00:00",0
1916.79,-1.31315,1916,10,"1916-10-15 00:00:00",-1
1916.88,-1.66538,1916,11,"1916-11-15 00:00:00",-2
1916.04,-0.06703,1916,1,"1916-1-15 00:00:00",0
1916.96,-1.63549,1916,12,"1916-12-15 00:00:00",-2
1916.12,-0.596264,1916,2,"1916-2-15 00:00:00",-1
1916.21,-0.492119,1916,3,"1916-3-15 00:00:00",0
1916.29,-0.570715,1916,4,"1916-4-15 00:00:00",-1
1916.38,-0.151489,1916,5,"1916-5-15 00:00:00",0
1916.46,-0.276855,1916,6,"1916-6-15 00:00:00",0
1916.54,-0.994846,1916,7,"1916-7-15 00:00:00",-1
1916.62,-1.40318,1916,8,"1916-8-15 00:00:00",-1
1916.71,-1.30368,1916,9,"1916-9-15 00:00:00",-1
1917.79,0.0904789,1917,10,"1917-10-15 00:00:00",0
1917.88,-0.361115,1917,11,"1917-11-15 00:00:00",0
1917.04,-1.52465,1917,1,"1917-1-15 00:00:00",-2
1917.96,-0.710876,1917,12,"1917-12-15 00:00:00",-1
1917.12,-1.20602,1917,2,"1917-2-15 00:00:00",-1
1917.21,-0.59169,1917,3,"1917-3-15 00:00:00",-1
1917.29,-0.218725,1917,4,"1917-4-15 00:00:00",0
1917.38,-0.207479,1917,5,"1917-5-15 00:00:00",0
1917.46,0.0616341,1917,6,"1917-6-15 00:00:00",0
1917.54,0.0751343,1917,7,"1917-7-15 00:00:00",0
1917.62,0.247875,1917,8,"1917-8-15 00:00:00",0
1917.71,0.0387955,1917,9,"1917-9-15 00:00:00",0
1918.79,0.985918,1918,10,"1918-10-15 00:00:00",1
1918.88,1.30486,1918,11,"1918-11-15 00:00:00",1
1918.04,-0.796329,1918,1,"1918-1-15 00:00:00",-1
1918.96,1.32798,1918,12,"1918-12-15 00:00:00",1
1918.12,-0.810684,1918,2,"1918-2-15 00:00:00",-1
1918.21,-0.906719,1918,3,"1918-3-15 00:00:00",-1
1918.29,-0.481535,1918,4,"1918-4-15 00:00:00",0
1918.38,-0.0771103,1918,5,"1918-5-15 00:00:00",0
1918.46,0.474195,1918,6,"1918-6-15 00:00:00",0
1918.54,0.0491734,1918,7,"1918-7-15 00:00:00",0
1918.62,0.210695,1918,8,"1918-8-15 00:00:00",0
1918.71,0.469215,1918,9,"1918-9-15 00:00:00",0
1919.79,0.187967,1919,10,"1919-10-15 00:00:00",0
1919.88,-0.298914,1919,11,"1919-11-15 00:00:00",0
1919.04,1.65285,1919,1,"1919-1-15 00:00:00",2
1919.96,0.364243,1919,12,"1919-12-15 00:00:00",0
1919.12,1.25378,1919,2,"1919-2-15 00:00:00",1
1919.21,0.94805,1919,3,"1919-3-15 00:00:00",1
1919.29,0.758404,1919,4,"1919-4-15 00:00:00",1
1919.38,0.712111,1919,5,"1919-5-15 00:00:00",1
1919.46,0.704084,1919,6,"1919-6-15 00:00:00",1
1919.54,0.528463,1919,7,"1919-7-15 00:00:00",1
1919.62,0.716116,1919,8,"1919-8-15 00:00:00",1
1919.71,0.568007,1919,9,"1919-9-15 00:00:00",1
1920.79,0.528818,1920,10,"1920-10-15 00:00:00",1
1920.88,-0.0181351,1920,11,"1920-11-15 00:00:00",0
1920.04,0.69286,1920,1,"1920-1-15 00:00:00",1
1920.96,0.0140133,1920,12,"1920-12-15 00:00:00",0
1920.12,0.622356,1920,2,"1920-2-15 00:00:00",1
1920.21,0.581711,1920,3,"1920-3-15 00:00:00",1
1920.29,-0.0892658,1920,4,"1920-4-15 00:00:00",0
1920.38,-0.12623,1920,5,"1920-5-15 00:00:00",0
1920.46,0.383554,1920,6,"1920-6-15 00:00:00",0
1920.54,0.262014,1920,7,"1920-7-15 00:00:00",0
1920.62,0.217384,1920,8,"1920-8-15 00:00:00",0
1920.71,0.328707,1920,9,"1920-9-15 00:00:00",0
1921.79,0.0885887,1921,10,"1921-10-15 00:00:00",0
1921.88,-0.973114,1921,11,"1921-11-15 00:00:00",-1
1921.04,0.490091,1921,1,"1921-1-15 00:00:00",0
1921.96,-0.494837,1921,12,"1921-12-15 00:00:00",0
1921.12,-0.499174,1921,2,"1921-2-15 00:00:00",0
1921.21,-1.37206,1921,3,"1921-3-15 00:00:00",-1
1921.29,-0.481306,1921,4,"1921-4-15 00:00:00",0
1921.38,-0.84178,1921,5,"1921-5-15 00:00:00",-1
1921.46,-0.119936,1921,6,"1921-6-15 00:00:00",0
1921.54,-0.155577,1921,7,"1921-7-15 00:00:00",0
1921.62,-0.211796,1921,8,"1921-8-15 00:00:00",0
1921.71,-0.113113,1921,9,"1921-9-15 00:00:00",0
1922.79,-0.201403,1922,10,"1922-10-15 00:00:00",0
1922.88,-0.248545,1922,11,"1922-11-15 00:00:00",0
1922.04,-0.495909,1922,1,"1922-1-15 00:00:00",0
1922.96,-0.511198,1922,12,"1922-12-15 00:00:00",-1
1922.12,-0.0542736,1922,2,"1922-2-15 00:00:00",0
1922.21,0.129971,1922,3,"1922-3-15 00:00:00",0
1922.29,-0.474915,1922,4,"1922-4-15 00:00:00",0
1922.38,0.305882,1922,5,"1922-5-15 00:00:00",0
1922.46,-0.349155,1922,6,"1922-6-15 00:00:00",0
1922.54,-0.329416,1922,7,"1922-7-15 00:00:00",0
1922.62,-0.709595,1922,8,"1922-8-15 00:00:00",-1
1922.71,-0.324694,1922,9,"1922-9-15 00:00:00",0
1923.79,0.834938,1923,10,"1923-10-15 00:00:00",1
1923.88,0.921715,1923,11,"1923-11-15 00:00:00",1
1923.04,-0.36199,1923,1,"1923-1-15 00:00:00",0
1923.96,1.0346,1923,12,"1923-12-15 00:00:00",1
1923.12,-0.753223,1923,2,"1923-2-15 00:00:00",-1
1923.21,-0.81048,1923,3,"1923-3-15 00:00:00",-1
1923.29,-0.484325,1923,4,"1923-4-15 00:00:00",0
1923.38,-0.163849,1923,5,"1923-5-15 00:00:00",0
1923.46,-0.0584259,1923,6,"1923-6-15 00:00:00",0
1923.54,-0.0804462,1923,7,"1923-7-15 00:00:00",0
1923.62,0.284325,1923,8,"1923-8-15 00:00:00",0
1923.71,0.704016,1923,9,"1923-9-15 00:00:00",1
1924.79,-0.400393,1924,10,"1924-10-15 00:00:00",0
1924.88,-1.02144,1924,11,"1924-11-15 00:00:00",-1
1924.04,0.510601,1924,1,"1924-1-15 00:00:00",1
1924.96,-0.640808,1924,12,"1924-12-15 00:00:00",-1
1924.12,0.645346,1924,2,"1924-2-15 00:00:00",1
1924.21,0.43924,1924,3,"1924-3-15 00:00:00",0
1924.29,0.0501251,1924,4,"1924-4-15 00:00:00",0
1924.38,-0.76704,1924,5,"1924-5-15 00:00:00",-1
1924.46,-0.577515,1924,6,"1924-6-15 00:00:00",-1
1924.54,-0.864376,1924,7,"1924-7-15 00:00:00",-1
1924.62,-0.696924,1924,8,"1924-8-15 00:00:00",-1
1924.71,-0.801985,1924,9,"1924-9-15 00:00:00",-1
1925.79,0.902838,1925,10,"1925-10-15 00:00:00",1
1925.88,1.07091,1925,11,"1925-11-15 00:00:00",1
1925.04,-0.968029,1925,1,"1925-1-15 00:00:00",-1
1925.96,1.62416,1925,12,"1925-12-15 00:00:00",2
1925.12,-0.444534,1925,2,"1925-2-15 00:00:00",0
1925.21,-0.46571,1925,3,"1925-3-15 00:00:00",0
1925.29,-0.446596,1925,4,"1925-4-15 00:00:00",0
1925.38,-0.310469,1925,5,"1925-5-15 00:00:00",0
1925.46,-0.0798264,1925,6,"1925-6-15 00:00:00",0
1925.54,0.629454,1925,7,"1925-7-15 00:00:00",1
1925.62,0.767996,1925,8,"1925-8-15 00:00:00",1
1925.71,0.829256,1925,9,"1925-9-15 00:00:00",1
1926.79,-0.332052,1926,10,"1926-10-15 00:00:00",0
1926.88,-0.199644,1926,11,"1926-11-15 00:00:00",0
1926.04,1.57872,1926,1,"1926-1-15 00:00:00",2
1926.96,-0.201937,1926,12,"1926-12-15 00:00:00",0
1926.12,1.31568,1926,2,"1926-2-15 00:00:00",1
1926.21,1.24671,1926,3,"1926-3-15 00:00:00",1
1926.29,1.09186,1926,4,"1926-4-15 00:00:00",1
1926.38,0.91761,1926,5,"1926-5-15 00:00:00",1
1926.46,0.702074,1926,6,"1926-6-15 00:00:00",1
1926.54,0.753075,1926,7,"1926-7-15 00:00:00",1
1926.62,0.236956,1926,8,"1926-8-15 00:00:00",0
1926.71,-0.0141144,1926,9,"1926-9-15 00:00:00",0
1927.79,0.321638,1927,10,"1927-10-15 00:00:00",0
1927.88,0.0252151,1927,11,"1927-11-15 00:00:00",0
1927.04,0.154541,1927,1,"1927-1-15 00:00:00",0
1927.96,0.264282,1927,12,"1927-12-15 00:00:00",0
1927.12,0.254436,1927,2,"1927-2-15 00:00:00",0
1927.21,-0.11511,1927,3,"1927-3-15 00:00:00",0
1927.29,-0.194616,1927,4,"1927-4-15 00:00:00",0
1927.38,-0.50646,1927,5,"1927-5-15 00:00:00",-1
1927.46,-0.0538158,1927,6,"1927-6-15 00:00:00",0
1927.54,-0.194977,1927,7,"1927-7-15 00:00:00",0
1927.62,-0.0080452,1927,8,"1927-8-15 00:00:00",0
1927.71,-0.0973434,1927,9,"1927-9-15 00:00:00",0
1928.79,-0.0704517,1928,10,"1928-10-15 00:00:00",0
1928.88,-0.107685,1928,11,"1928-11-15 00:00:00",0
1928.04,0.518141,1928,1,"1928-1-15 00:00:00",1
1928.96,-0.0052681,1928,12,"1928-12-15 00:00:00",0
1928.12,0.228407,1928,2,"1928-2-15 00:00:00",0
1928.21,-0.192959,1928,3,"1928-3-15 00:00:00",0
1928.29,-0.147856,1928,4,"1928-4-15 00:00:00",0
1928.38,0.0437508,1928,5,"1928-5-15 00:00:00",0
1928.46,-0.173496,1928,6,"1928-6-15 00:00:00",0
1928.54,0.140024,1928,7,"1928-7-15 00:00:00",0
1928.62,-0.202246,1928,8,"1928-8-15 00:00:00",0
1928.71,-0.0674648,1928,9,"1928-9-15 00:00:00",0
1929.79,0.454508,1929,10,"1929-10-15 00:00:00",0
1929.88,0.248575,1929,11,"1929-11-15 00:00:00",0
1929.04,-0.0930004,1929,1,"1929-1-15 00:00:00",0
1929.96,0.646563,1929,12,"1929-12-15 00:00:00",1
1929.12,-0.0557842,1929,2,"1929-2-15 00:00:00",0
1929.21,-0.0896301,1929,3,"1929-3-15 00:00:00",0
1929.29,-0.0772362,1929,4,"1929-4-15 00:00:00",0
1929.38,-0.0777988,1929,5,"1929-5-15 00:00:00",0
1929.46,0.218914,1929,6,"1929-6-15 00:00:00",0
1929.54,0.0976334,1929,7,"1929-7-15 00:00:00",0
1929.62,0.191666,1929,8,"1929-8-15 00:00:00",0
1929.71,0.359085,1929,9,"1929-9-15 00:00:00",0
1930.79,1.19442,1930,10,"1930-10-15 00:00:00",1
1930.88,1.8595,1930,11,"1930-11-15 00:00:00",2
1930.04,0.39529,1930,1,"1930-1-15 00:00:00",0
1930.96,1.4399,1930,12,"1930-12-15 00:00:00",1
1930.12,0.396036,1930,2,"1930-2-15 00:00:00",0
1930.21,0.342571,1930,3,"1930-3-15 00:00:00",0
1930.29,0.485905,1930,4,"1930-4-15 00:00:00",0
1930.38,0.0426998,1930,5,"1930-5-15 00:00:00",0
1930.46,0.362114,1930,6,"1930-6-15 00:00:00",0
1930.54,0.762943,1930,7,"1930-7-15 00:00:00",1
1930.62,0.774555,1930,8,"1930-8-15 00:00:00",1
1930.71,1.34899,1930,9,"1930-9-15 00:00:00",1
1931.79,-0.162432,1931,10,"1931-10-15 00:00:00",0
1931.88,-0.208324,1931,11,"1931-11-15 00:00:00",0
1931.04,1.54567,1931,1,"1931-1-15 00:00:00",2
1931.96,-0.252098,1931,12,"1931-12-15 00:00:00",0
1931.12,1.35338,1931,2,"1931-2-15 00:00:00",1
1931.21,1.24496,1931,3,"1931-3-15 00:00:00",1
1931.29,1.04399,1931,4,"1931-4-15 00:00:00",1
1931.38,0.715321,1931,5,"1931-5-15 00:00:00",1
1931.46,0.564804,1931,6,"1931-6-15 00:00:00",1
1931.54,0.518583,1931,7,"1931-7-15 00:00:00",1
1931.62,0.226015,1931,8,"1931-8-15 00:00:00",0
1931.71,-0.364565,1931,9,"1931-9-15 00:00:00",0
1932.79,0.0643272,1932,10,"1932-10-15 00:00:00",0
1932.88,0.0201645,1932,11,"1932-11-15 00:00:00",0
1932.04,-0.3629,1932,1,"1932-1-15 00:00:00",0
1932.96,-0.387188,1932,12,"1932-12-15 00:00:00",0
1932.12,-0.172583,1932,2,"1932-2-15 00:00:00",0
1932.21,0.30596,1932,3,"1932-3-15 00:00:00",0
1932.29,0.334614,1932,4,"1932-4-15 00:00:00",0
1932.38,0.36585,1932,5,"1932-5-15 00:00:00",0
1932.46,0.281584,1932,6,"1932-6-15 00:00:00",0
1932.54,0.00745392,1932,7,"1932-7-15 00:00:00",0
1932.62,0.179806,1932,8,"1932-8-15 00:00:00",0
1932.71,0.0856152,1932,9,"1932-9-15 00:00:00",0
1933.79,-1.04633,1933,10,"1933-10-15 00:00:00",-1
1933.88,-1.00066,1933,11,"1933-11-15 00:00:00",-1
1933.04,-0.17189,1933,1,"1933-1-15 00:00:00",0
1933.96,-1.18697,1933,12,"1933-12-15 00:00:00",-1
1933.12,-0.0696735,1933,2,"1933-2-15 00:00:00",0
1933.21,-0.14854,1933,3,"1933-3-15 00:00:00",0
1933.29,0.0841541,1933,4,"1933-4-15 00:00:00",0
1933.38,-0.31587,1933,5,"1933-5-15 00:00:00",0
1933.46,-0.764786,1933,6,"1933-6-15 00:00:00",-1
1933.54,-0.545696,1933,7,"1933-7-15 00:00:00",-1
1933.62,-0.859634,1933,8,"1933-8-15 00:00:00",-1
1933.71,-0.709154,1933,9,"1933-9-15 00:00:00",-1
1934.79,-0.204943,1934,10,"1934-10-15 00:00:00",0
1934.88,-0.0386543,1934,11,"1934-11-15 00:00:00",0
1934.04,-0.87768,1934,1,"1934-1-15 00:00:00",-1
1934.96,-0.226347,1934,12,"1934-12-15 00:00:00",0
1934.12,-0.848413,1934,2,"1934-2-15 00:00:00",-1
1934.21,-0.882969,1934,3,"1934-3-15 00:00:00",-1
1934.29,-0.346676,1934,4,"1934-4-15 00:00:00",0
1934.38,-0.406269,1934,5,"1934-5-15 00:00:00",0
1934.46,-0.245646,1934,6,"1934-6-15 00:00:00",0
1934.54,-0.308386,1934,7,"1934-7-15 00:00:00",0
1934.62,-0.241005,1934,8,"1934-8-15 00:00:00",0
1934.71,-0.465075,1934,9,"1934-9-15 00:00:00",0
1935.79,0.325897,1935,10,"1935-10-15 00:00:00",0
1935.88,0.347815,1935,11,"1935-11-15 00:00:00",0
1935.04,-0.26396,1935,1,"1935-1-15 00:00:00",0
1935.96,-0.0247784,1935,12,"1935-12-15 00:00:00",0
1935.12,-0.173004,1935,2,"1935-2-15 00:00:00",0
1935.21,-0.228519,1935,3,"1935-3-15 00:00:00",0
1935.29,-0.239885,1935,4,"1935-4-15 00:00:00",0
1935.38,-0.45545,1935,5,"1935-5-15 00:00:00",0
1935.46,-0.313946,1935,6,"1935-6-15 00:00:00",0
1935.54,-0.534416,1935,7,"1935-7-15 00:00:00",-1
1935.62,0.141356,1935,8,"1935-8-15 00:00:00",0
1935.71,0.140387,1935,9,"1935-9-15 00:00:00",0
1936.79,0.437847,1936,10,"1936-10-15 00:00:00",0
1936.88,0.0337162,1936,11,"1936-11-15 00:00:00",0
1936.04,0.79233,1936,1,"1936-1-15 00:00:00",1
1936.96,0.650333,1936,12,"1936-12-15 00:00:00",1
1936.12,0.510977,1936,2,"1936-2-15 00:00:00",1
1936.21,0.0513496,1936,3,"1936-3-15 00:00:00",0
1936.29,0.367844,1936,4,"1936-4-15 00:00:00",0
1936.38,0.0132713,1936,5,"1936-5-15 00:00:00",0
1936.46,-0.262686,1936,6,"1936-6-15 00:00:00",0
1936.54,-0.228527,1936,7,"1936-7-15 00:00:00",0
1936.62,-0.238026,1936,8,"1936-8-15 00:00:00",0
1936.71,-0.0466042,1936,9,"1936-9-15 00:00:00",0
1937.79,-0.0491714,1937,10,"1937-10-15 00:00:00",0
1937.88,0.278896,1937,11,"1937-11-15 00:00:00",0
1937.04,-0.25955,1937,1,"1937-1-15 00:00:00",0
1937.96,0.240133,1937,12,"1937-12-15 00:00:00",0
1937.12,0.311186,1937,2,"1937-2-15 00:00:00",0
1937.21,0.2966,1937,3,"1937-3-15 00:00:00",0
1937.29,0.290905,1937,4,"1937-4-15 00:00:00",0
1937.38,-0.34701,1937,5,"1937-5-15 00:00:00",0
1937.46,-0.207176,1937,6,"1937-6-15 00:00:00",0
1937.54,0.208954,1937,7,"1937-7-15 00:00:00",0
1937.62,-0.119265,1937,8,"1937-8-15 00:00:00",0
1937.71,0.241056,1937,9,"1937-9-15 00:00:00",0
1938.79,-0.698982,1938,10,"1938-10-15 00:00:00",-1
1938.88,-0.661995,1938,11,"1938-11-15 00:00:00",-1
1938.04,-0.158529,1938,1,"1938-1-15 00:00:00",0
1938.96,-0.780807,1938,12,"1938-12-15 00:00:00",-1
1938.12,0.244587,1938,2,"1938-2-15 00:00:00",0
1938.21,-0.0134792,1938,3,"1938-3-15 00:00:00",0
1938.29,0.161594,1938,4,"1938-4-15 00:00:00",0
1938.38,-0.24604,1938,5,"1938-5-15 00:00:00",0
1938.46,-0.796135,1938,6,"1938-6-15 00:00:00",-1
1938.54,-0.873796,1938,7,"1938-7-15 00:00:00",-1
1938.62,-0.727394,1938,8,"1938-8-15 00:00:00",-1
1938.71,-0.232275,1938,9,"1938-9-15 00:00:00",0
1939.79,-0.410313,1939,10,"1939-10-15 00:00:00",0
1939.88,0.396116,1939,11,"1939-11-15 00:00:00",0
1939.04,-0.62348,1939,1,"1939-1-15 00:00:00",-1
1939.96,0.0606422,1939,12,"1939-12-15 00:00:00",0
1939.12,-0.944283,1939,2,"1939-2-15 00:00:00",-1
1939.21,-0.80801,1939,3,"1939-3-15 00:00:00",-1
1939.29,-0.199656,1939,4,"1939-4-15 00:00:00",0
1939.38,-0.17157,1939,5,"1939-5-15 00:00:00",0
1939.46,0.149055,1939,6,"1939-6-15 00:00:00",0
1939.54,0.370434,1939,7,"1939-7-15 00:00:00",0
1939.62,0.150585,1939,8,"1939-8-15 00:00:00",0
1939.71,0.485907,1939,9,"1939-9-15 00:00:00",0
1940.79,0.370548,1940,10,"1940-10-15 00:00:00",0
1940.88,0.754196,1940,11,"1940-11-15 00:00:00",1
1940.04,1.24524,1940,1,"1940-1-15 00:00:00",1
1940.96,1.4161,1940,12,"1940-12-15 00:00:00",1
1940.12,1.40224,1940,2,"1940-2-15 00:00:00",1
1940.21,1.24732,1940,3,"1940-3-15 00:00:00",1
1940.29,0.881634,1940,4,"1940-4-15 00:00:00",1
1940.38,0.42371,1940,5,"1940-5-15 00:00:00",0
1940.46,0.640505,1940,6,"1940-6-15 00:00:00",1
1940.54,0.318933,1940,7,"1940-7-15 00:00:00",0
1940.62,0.839584,1940,8,"1940-8-15 00:00:00",1
1940.71,0.104647,1940,9,"1940-9-15 00:00:00",0
1941.79,1.0369,1941,10,"1941-10-15 00:00:00",1
1941.88,1.23678,1941,11,"1941-11-15 00:00:00",1
1941.04,1.4329,1941,1,"1941-1-15 00:00:00",1
1941.96,1.29495,1941,12,"1941-12-15 00:00:00",1
1941.12,1.3672,1941,2,"1941-2-15 00:00:00",1
1941.21,1.46726,1941,3,"1941-3-15 00:00:00",1
1941.29,1.4311,1941,4,"1941-4-15 00:00:00",1
1941.38,1.40429,1941,5,"1941-5-15 00:00:00",1
1941.46,0.981014,1941,6,"1941-6-15 00:00:00",1
1941.54,0.839844,1941,7,"1941-7-15 00:00:00",1
1941.62,0.866594,1941,8,"1941-8-15 00:00:00",1
1941.71,0.735106,1941,9,"1941-9-15 00:00:00",1
1942.79,-1.28157,1942,10,"1942-10-15 00:00:00",-1
1942.88,-1.45267,1942,11,"1942-11-15 00:00:00",-1
1942.04,0.65922,1942,1,"1942-1-15 00:00:00",1
1942.96,-1.22941,1942,12,"1942-12-15 00:00:00",-1
1942.12,0.535086,1942,2,"1942-2-15 00:00:00",1
1942.21,0.3067,1942,3,"1942-3-15 00:00:00",0
1942.29,0.642595,1942,4,"1942-4-15 00:00:00",1
1942.38,-0.0156689,1942,5,"1942-5-15 00:00:00",0
1942.46,-0.430075,1942,6,"1942-6-15 00:00:00",0
1942.54,-0.438906,1942,7,"1942-7-15 00:00:00",0
1942.62,-0.882126,1942,8,"1942-8-15 00:00:00",-1
1942.71,-1.11796,1942,9,"1942-9-15 00:00:00",-1
1943.79,-0.393541,1943,10,"1943-10-15 00:00:00",0
1943.88,-0.425776,1943,11,"1943-11-15 00:00:00",0
1943.04,-1.15017,1943,1,"1943-1-15 00:00:00",-1
1943.96,-0.405407,1943,12,"1943-12-15 00:00:00",0
1943.12,-1.17421,1943,2,"1943-2-15 00:00:00",-1
1943.21,-1.05345,1943,3,"1943-3-15 00:00:00",-1
1943.29,-0.524405,1943,4,"1943-4-15 00:00:00",-1
1943.38,-0.2785,1943,5,"1943-5-15 00:00:00",0
1943.46,-0.0154858,1943,6,"1943-6-15 00:00:00",0
1943.54,0.0257244,1943,7,"1943-7-15 00:00:00",0
1943.62,0.133976,1943,8,"1943-8-15 00:00:00",0
1943.71,-0.178215,1943,9,"1943-9-15 00:00:00",0
1944.79,-0.176802,1944,10,"1944-10-15 00:00:00",0
1944.88,-0.295364,1944,11,"1944-11-15 00:00:00",0
1944.04,-0.38102,1944,1,"1944-1-15 00:00:00",0
1944.96,-0.243797,1944,12,"1944-12-15 00:00:00",0
1944.12,0.177277,1944,2,"1944-2-15 00:00:00",0
1944.21,-0.15871,1944,3,"1944-3-15 00:00:00",0
1944.29,0.186054,1944,4,"1944-4-15 00:00:00",0
1944.38,0.216421,1944,5,"1944-5-15 00:00:00",0
1944.46,0.122534,1944,6,"1944-6-15 00:00:00",0
1944.54,0.192514,1944,7,"1944-7-15 00:00:00",0
1944.62,0.0809059,1944,8,"1944-8-15 00:00:00",0
1944.71,-0.263525,1944,9,"1944-9-15 00:00:00",0
1945.79,-0.818003,1945,10,"1945-10-15 00:00:00",-1
1945.88,-0.362135,1945,11,"1945-11-15 00:00:00",0
1945.04,-0.304119,1945,1,"1945-1-15 00:00:00",0
1945.96,-0.524887,1945,12,"1945-12-15 00:00:00",-1
1945.12,-0.457464,1945,2,"1945-2-15 00:00:00",0
1945.21,-0.737619,1945,3,"1945-3-15 00:00:00",-1
1945.29,-0.686926,1945,4,"1945-4-15 00:00:00",-1
1945.38,-0.36772,1945,5,"1945-5-15 00:00:00",0
1945.46,-0.499315,1945,6,"1945-6-15 00:00:00",0
1945.54,-0.495747,1945,7,"1945-7-15 00:00:00",0
1945.62,-0.760836,1945,8,"1945-8-15 00:00:00",-1
1945.71,-0.772694,1945,9,"1945-9-15 00:00:00",-1
1946.79,0.0397377,1946,10,"1946-10-15 00:00:00",0
1946.88,-0.117435,1946,11,"1946-11-15 00:00:00",0
1946.04,-0.397079,1946,1,"1946-1-15 00:00:00",0
1946.96,0.0368423,1946,12,"1946-12-15 00:00:00",0
1946.12,-0.225233,1946,2,"1946-2-15 00:00:00",0
1946.21,-0.30916,1946,3,"1946-3-15 00:00:00",0
1946.29,-0.415445,1946,4,"1946-4-15 00:00:00",0
1946.38,-0.31871,1946,5,"1946-5-15 00:00:00",0
1946.46,0.231045,1946,6,"1946-6-15 00:00:00",0
1946.54,0.140924,1946,7,"1946-7-15 00:00:00",0
1946.62,-0.447975,1946,8,"1946-8-15 00:00:00",0
1946.71,-0.141113,1946,9,"1946-9-15 00:00:00",0
1947.79,-0.764381,1947,10,"1947-10-15 00:00:00",-1
1947.88,-0.663065,1947,11,"1947-11-15 00:00:00",-1
1947.04,0.44244,1947,1,"1947-1-15 00:00:00",0
1947.96,0.195782,1947,12,"1947-12-15 00:00:00",0
1947.12,-0.115833,1947,2,"1947-2-15 00:00:00",0
1947.21,0.33707,1947,3,"1947-3-15 00:00:00",0
1947.29,0.000225067,1947,4,"1947-4-15 00:00:00",0
1947.38,-0.469149,1947,5,"1947-5-15 00:00:00",0
1947.46,0.156204,1947,6,"1947-6-15 00:00:00",0
1947.54,-0.270306,1947,7,"1947-7-15 00:00:00",0
1947.62,-0.283844,1947,8,"1947-8-15 00:00:00",0
1947.71,-0.996553,1947,9,"1947-9-15 00:00:00",-1
1948.79,-0.634672,1948,10,"1948-10-15 00:00:00",-1
1948.88,-0.240805,1948,11,"1948-11-15 00:00:00",0
1948.04,0.0959396,1948,1,"1948-1-15 00:00:00",0
1948.96,0.401903,1948,12,"1948-12-15 00:00:00",0
1948.12,0.388077,1948,2,"1948-2-15 00:00:00",0
1948.21,0.685131,1948,3,"1948-3-15 00:00:00",1
1948.29,0.319685,1948,4,"1948-4-15 00:00:00",0
1948.38,0.37982,1948,5,"1948-5-15 00:00:00",0
1948.46,0.135675,1948,6,"1948-6-15 00:00:00",0
1948.54,0.0534344,1948,7,"1948-7-15 00:00:00",0
1948.62,0.0645657,1948,8,"1948-8-15 00:00:00",0
1948.71,0.0372562,1948,9,"1948-9-15 00:00:00",0
1949.79,-0.679132,1949,10,"1949-10-15 00:00:00",-1
1949.88,-1.26258,1949,11,"1949-11-15 00:00:00",-1
1949.04,-0.42387,1949,1,"1949-1-15 00:00:00",0
1949.96,-1.19016,1949,12,"1949-12-15 00:00:00",-1
1949.12,0.266586,1949,2,"1949-2-15 00:00:00",0
1949.21,-0.50927,1949,3,"1949-3-15 00:00:00",-1
1949.29,0.268435,1949,4,"1949-4-15 00:00:00",0
1949.38,0.0100613,1949,5,"1949-5-15 00:00:00",0
1949.46,-0.636705,1949,6,"1949-6-15 00:00:00",-1
1949.54,-0.270697,1949,7,"1949-7-15 00:00:00",0
1949.62,-0.238735,1949,8,"1949-8-15 00:00:00",0
1949.71,-0.594105,1949,9,"1949-9-15 00:00:00",-1
1950.79,-0.775782,1950,10,"1950-10-15 00:00:00",-1
1950.88,-1.31488,1950,11,"1950-11-15 00:00:00",-1
1950.04,-1.01098,1950,1,"1950-1-15 00:00:00",-1
1950.96,-1.02325,1950,12,"1950-12-15 00:00:00",-1
1950.12,-1.49652,1950,2,"1950-2-15 00:00:00",-1
1950.21,-1.02108,1950,3,"1950-3-15 00:00:00",-1
1950.29,-0.837475,1950,4,"1950-4-15 00:00:00",-1
1950.38,-1.22823,1950,5,"1950-5-15 00:00:00",-1
1950.46,-0.776775,1950,6,"1950-6-15 00:00:00",-1
1950.54,-0.962656,1950,7,"1950-7-15 00:00:00",-1
1950.62,-0.545944,1950,8,"1950-8-15 00:00:00",-1
1950.71,-1.04695,1950,9,"1950-9-15 00:00:00",-1
1951.79,0.843958,1951,10,"1951-10-15 00:00:00",1
1951.88,0.853695,1951,11,"1951-11-15 00:00:00",1
1951.04,-1.07497,1951,1,"1951-1-15 00:00:00",-1
1951.96,0.731262,1951,12,"1951-12-15 00:00:00",1
1951.12,-0.714573,1951,2,"1951-2-15 00:00:00",-1
1951.21,-0.72154,1951,3,"1951-3-15 00:00:00",-1
1951.29,-0.0905952,1951,4,"1951-4-15 00:00:00",0
1951.38,-0.0130386,1951,5,"1951-5-15 00:00:00",0
1951.46,0.00719452,1951,6,"1951-6-15 00:00:00",0
1951.54,0.784254,1951,7,"1951-7-15 00:00:00",1
1951.62,0.987135,1951,8,"1951-8-15 00:00:00",1
1951.71,0.723585,1951,9,"1951-9-15 00:00:00",1
1952.79,0.0113277,1952,10,"1952-10-15 00:00:00",0
1952.88,-0.267374,1952,11,"1952-11-15 00:00:00",0
1952.04,0.433641,1952,1,"1952-1-15 00:00:00",0
1952.96,-0.538767,1952,12,"1952-12-15 00:00:00",-1
1952.12,0.248987,1952,2,"1952-2-15 00:00:00",0
1952.21,0.09091,1952,3,"1952-3-15 00:00:00",0
1952.29,0.481344,1952,4,"1952-4-15 00:00:00",0
1952.38,-0.306269,1952,5,"1952-5-15 00:00:00",0
1952.46,-0.580095,1952,6,"1952-6-15 00:00:00",-1
1952.54,-0.478916,1952,7,"1952-7-15 00:00:00",0
1952.62,-0.345236,1952,8,"1952-8-15 00:00:00",0
1952.71,-0.309244,1952,9,"1952-9-15 00:00:00",0
1953.79,0.153248,1953,10,"1953-10-15 00:00:00",0
1953.88,0.369106,1953,11,"1953-11-15 00:00:00",0
1953.04,0.4074,1953,1,"1953-1-15 00:00:00",0
1953.96,0.167982,1953,12,"1953-12-15 00:00:00",0
1953.12,0.252377,1953,2,"1953-2-15 00:00:00",0
1953.21,0.267561,1953,3,"1953-3-15 00:00:00",0
1953.29,0.840105,1953,4,"1953-4-15 00:00:00",1
1953.38,0.42758,1953,5,"1953-5-15 00:00:00",0
1953.46,0.500235,1953,6,"1953-6-15 00:00:00",1
1953.54,0.312204,1953,7,"1953-7-15 00:00:00",0
1953.62,0.119776,1953,8,"1953-8-15 00:00:00",0
1953.71,0.728676,1953,9,"1953-9-15 00:00:00",1
1954.79,-0.863392,1954,10,"1954-10-15 00:00:00",-1
1954.88,-1.10524,1954,11,"1954-11-15 00:00:00",-1
1954.04,0.440001,1954,1,"1954-1-15 00:00:00",0
1954.96,-0.781137,1954,12,"1954-12-15 00:00:00",-1
1954.12,0.229126,1954,2,"1954-2-15 00:00:00",0
1954.21,0.0653305,1954,3,"1954-3-15 00:00:00",0
1954.29,-0.255056,1954,4,"1954-4-15 00:00:00",0
1954.38,-0.45373,1954,5,"1954-5-15 00:00:00",0
1954.46,-0.720205,1954,6,"1954-6-15 00:00:00",-1
1954.54,-0.910387,1954,7,"1954-7-15 00:00:00",-1
1954.62,-0.996855,1954,8,"1954-8-15 00:00:00",-1
1954.71,-0.977194,1954,9,"1954-9-15 00:00:00",-1
1955.79,-1.54244,1955,10,"1955-10-15 00:00:00",-2
1955.88,-1.85334,1955,11,"1955-11-15 00:00:00",-2
1955.04,-0.614679,1955,1,"1955-1-15 00:00:00",-1
1955.96,-1.5048,1955,12,"1955-12-15 00:00:00",-2
1955.12,-0.768713,1955,2,"1955-2-15 00:00:00",-1
1955.21,-0.75322,1955,3,"1955-3-15 00:00:00",-1
1955.29,-0.875265,1955,4,"1955-4-15 00:00:00",-1
1955.38,-1.15216,1955,5,"1955-5-15 00:00:00",-1
1955.46,-1.1174,1955,6,"1955-6-15 00:00:00",-1
1955.54,-1.20165,1955,7,"1955-7-15 00:00:00",-1
1955.62,-0.827265,1955,8,"1955-8-15 00:00:00",-1
1955.71,-1.27484,1955,9,"1955-9-15 00:00:00",-1
1956.79,-0.637802,1956,10,"1956-10-15 00:00:00",-1
1956.88,-0.956814,1956,11,"1956-11-15 00:00:00",-1
1956.04,-1.17714,1956,1,"1956-1-15 00:00:00",-1
1956.96,-0.565088,1956,12,"1956-12-15 00:00:00",-1
1956.12,-0.958914,1956,2,"1956-2-15 00:00:00",-1
1956.21,-0.88607,1956,3,"1956-3-15 00:00:00",-1
1956.29,-0.713015,1956,4,"1956-4-15 00:00:00",-1
1956.38,-0.50499,1956,5,"1956-5-15 00:00:00",-1
1956.46,-0.738916,1956,6,"1956-6-15 00:00:00",-1
1956.54,-0.829426,1956,7,"1956-7-15 00:00:00",-1
1956.62,-0.730366,1956,8,"1956-8-15 00:00:00",-1
1956.71,-0.845533,1956,9,"1956-9-15 00:00:00",-1
1957.79,0.797678,1957,10,"1957-10-15 00:00:00",1
1957.88,1.15075,1957,11,"1957-11-15 00:00:00",1
1957.04,-0.52524,1957,1,"1957-1-15 00:00:00",-1
1957.96,1.19816,1957,12,"1957-12-15 00:00:00",1
1957.12,-0.234003,1957,2,"1957-2-15 00:00:00",0
1957.21,0.138931,1957,3,"1957-3-15 00:00:00",0
1957.29,0.492735,1957,4,"1957-4-15 00:00:00",0
1957.38,0.529041,1957,5,"1957-5-15 00:00:00",1
1957.46,0.634155,1957,6,"1957-6-15 00:00:00",1
1957.54,0.810364,1957,7,"1957-7-15 00:00:00",1
1957.62,0.876776,1957,8,"1957-8-15 00:00:00",1
1957.71,0.586256,1957,9,"1957-9-15 00:00:00",1
1958.79,0.0140476,1958,10,"1958-10-15 00:00:00",0
1958.88,0.109186,1958,11,"1958-11-15 00:00:00",0
1958.04,1.593,1958,1,"1958-1-15 00:00:00",2
1958.96,0.312923,1958,12,"1958-12-15 00:00:00",0
1958.12,1.40918,1958,2,"1958-2-15 00:00:00",1
1958.21,1.03583,1958,3,"1958-3-15 00:00:00",1
1958.29,0.368664,1958,4,"1958-4-15 00:00:00",0
1958.38,0.3969,1958,5,"1958-5-15 00:00:00",0
1958.46,0.387684,1958,6,"1958-6-15 00:00:00",0
1958.54,0.149445,1958,7,"1958-7-15 00:00:00",0
1958.62,0.321625,1958,8,"1958-8-15 00:00:00",0
1958.71,-0.257223,1958,9,"1958-9-15 00:00:00",0
1959.79,0.170809,1959,10,"1959-10-15 00:00:00",0
1959.88,-0.104914,1959,11,"1959-11-15 00:00:00",0
1959.04,0.48106,1959,1,"1959-1-15 00:00:00",0
1959.96,-0.0248871,1959,12,"1959-12-15 00:00:00",0
1959.12,0.513826,1959,2,"1959-2-15 00:00:00",1
1959.21,0.30501,1959,3,"1959-3-15 00:00:00",0
1959.29,0.341125,1959,4,"1959-4-15 00:00:00",0
1959.38,0.067791,1959,5,"1959-5-15 00:00:00",0
1959.46,-0.238586,1959,6,"1959-6-15 00:00:00",0
1959.54,-0.164427,1959,7,"1959-7-15 00:00:00",0
1959.62,-0.330336,1959,8,"1959-8-15 00:00:00",0
1959.71,-0.478994,1959,9,"1959-9-15 00:00:00",0
1960.79,-0.00957108,1960,10,"1960-10-15 00:00:00",0
1960.88,-0.315384,1960,11,"1960-11-15 00:00:00",0
1960.04,0.074831,1960,1,"1960-1-15 00:00:00",0
1960.96,0.0373821,1960,12,"1960-12-15 00:00:00",0
1960.12,-0.224394,1960,2,"1960-2-15 00:00:00",0
1960.21,-0.02495,1960,3,"1960-3-15 00:00:00",0
1960.29,0.0854454,1960,4,"1960-4-15 00:00:00",0
1960.38,0.14348,1960,5,"1960-5-15 00:00:00",0
1960.46,-0.105446,1960,6,"1960-6-15 00:00:00",0
1960.54,-0.127686,1960,7,"1960-7-15 00:00:00",0
1960.62,0.0911446,1960,8,"1960-8-15 00:00:00",0
1960.71,0.0979366,1960,9,"1960-9-15 00:00:00",0
1961.79,-0.662283,1961,10,"1961-10-15 00:00:00",-1
1961.88,-0.122974,1961,11,"1961-11-15 00:00:00",0
1961.04,-0.0999393,1961,1,"1961-1-15 00:00:00",0
1961.96,-0.260748,1961,12,"1961-12-15 00:00:00",0
1961.12,0.0587463,1961,2,"1961-2-15 00:00:00",0
1961.21,-0.0367889,1961,3,"1961-3-15 00:00:00",0
1961.29,0.211964,1961,4,"1961-4-15 00:00:00",0
1961.38,0.0840111,1961,5,"1961-5-15 00:00:00",0
1961.46,0.197765,1961,6,"1961-6-15 00:00:00",0
1961.54,-0.204876,1961,7,"1961-7-15 00:00:00",0
1961.62,-0.173784,1961,8,"1961-8-15 00:00:00",0
1961.71,-0.467764,1961,9,"1961-9-15 00:00:00",0
1962.79,-0.272802,1962,10,"1962-10-15 00:00:00",0
1962.88,-0.371834,1962,11,"1962-11-15 00:00:00",0
1962.04,-0.179089,1962,1,"1962-1-15 00:00:00",0
1962.96,-0.473658,1962,12,"1962-12-15 00:00:00",0
1962.12,-0.135523,1962,2,"1962-2-15 00:00:00",0
1962.21,-0.35186,1962,3,"1962-3-15 00:00:00",0
1962.29,-0.250385,1962,4,"1962-4-15 00:00:00",0
1962.38,-0.33931,1962,5,"1962-5-15 00:00:00",0
1962.46,-0.129566,1962,6,"1962-6-15 00:00:00",0
1962.54,-0.183516,1962,7,"1962-7-15 00:00:00",0
1962.62,-0.0403557,1962,8,"1962-8-15 00:00:00",0
1962.71,-0.500454,1962,9,"1962-9-15 00:00:00",-1
1963.79,0.888727,1963,10,"1963-10-15 00:00:00",1
1963.88,0.810726,1963,11,"1963-11-15 00:00:00",1
1963.04,-0.26597,1963,1,"1963-1-15 00:00:00",0
1963.96,1.07607,1963,12,"1963-12-15 00:00:00",1
1963.12,-0.240143,1963,2,"1963-2-15 00:00:00",0
1963.21,0.00251961,1963,3,"1963-3-15 00:00:00",0
1963.29,0.0222549,1963,4,"1963-4-15 00:00:00",0
1963.38,0.0873413,1963,5,"1963-5-15 00:00:00",0
1963.46,0.228235,1963,6,"1963-6-15 00:00:00",0
1963.54,0.850044,1963,7,"1963-7-15 00:00:00",1
1963.62,0.994085,1963,8,"1963-8-15 00:00:00",1
1963.71,0.711416,1963,9,"1963-9-15 00:00:00",1
1964.79,-0.944202,1964,10,"1964-10-15 00:00:00",-1
1964.88,-1.04063,1964,11,"1964-11-15 00:00:00",-1
1964.04,0.809841,1964,1,"1964-1-15 00:00:00",1
1964.96,-1.05623,1964,12,"1964-12-15 00:00:00",-1
1964.12,0.560446,1964,2,"1964-2-15 00:00:00",1
1964.21,-0.11146,1964,3,"1964-3-15 00:00:00",0
1964.29,-0.465546,1964,4,"1964-4-15 00:00:00",0
1964.38,-0.659479,1964,5,"1964-5-15 00:00:00",-1
1964.46,-0.791246,1964,6,"1964-6-15 00:00:00",-1
1964.54,-0.523077,1964,7,"1964-7-15 00:00:00",-1
1964.62,-0.671455,1964,8,"1964-8-15 00:00:00",-1
1964.71,-0.865133,1964,9,"1964-9-15 00:00:00",-1
1965.79,1.67241,1965,10,"1965-10-15 00:00:00",2
1965.88,1.6187,1965,11,"1965-11-15 00:00:00",2
1965.04,-0.524239,1965,1,"1965-1-15 00:00:00",-1
1965.96,1.47551,1965,12,"1965-12-15 00:00:00",1
1965.12,-0.343134,1965,2,"1965-2-15 00:00:00",0
1965.21,-0.284939,1965,3,"1965-3-15 00:00:00",0
1965.29,-0.0134048,1965,4,"1965-4-15 00:00:00",0
1965.38,0.27409,1965,5,"1965-5-15 00:00:00",0
1965.46,0.548325,1965,6,"1965-6-15 00:00:00",1
1965.54,0.927654,1965,7,"1965-7-15 00:00:00",1
1965.62,1.34011,1965,8,"1965-8-15 00:00:00",1
1965.71,1.32205,1965,9,"1965-9-15 00:00:00",1
1966.79,-0.000812531,1966,10,"1966-10-15 00:00:00",0
1966.88,-0.314735,1966,11,"1966-11-15 00:00:00",0
1966.04,1.18368,1966,1,"1966-1-15 00:00:00",1
1966.96,-0.248568,1966,12,"1966-12-15 00:00:00",0
1966.12,0.847126,1966,2,"1966-2-15 00:00:00",1
1966.21,0.861921,1966,3,"1966-3-15 00:00:00",1
1966.29,0.618855,1966,4,"1966-4-15 00:00:00",1
1966.38,0.0188599,1966,5,"1966-5-15 00:00:00",0
1966.46,0.221054,1966,6,"1966-6-15 00:00:00",0
1966.54,0.337473,1966,7,"1966-7-15 00:00:00",0
1966.62,-0.0289059,1966,8,"1966-8-15 00:00:00",0
1966.71,-0.00325394,1966,9,"1966-9-15 00:00:00",0
1967.79,-0.336832,1967,10,"1967-10-15 00:00:00",0
1967.88,-0.282515,1967,11,"1967-11-15 00:00:00",0
1967.04,-0.49505,1967,1,"1967-1-15 00:00:00",0
1967.96,-0.341688,1967,12,"1967-12-15 00:00:00",0
1967.12,-0.541714,1967,2,"1967-2-15 00:00:00",-1
1967.21,-0.41239,1967,3,"1967-3-15 00:00:00",0
1967.29,-0.459175,1967,4,"1967-4-15 00:00:00",0
1967.38,-0.156359,1967,5,"1967-5-15 00:00:00",0
1967.46,-0.0294952,1967,6,"1967-6-15 00:00:00",0
1967.54,0.0116043,1967,7,"1967-7-15 00:00:00",0
1967.62,-0.224014,1967,8,"1967-8-15 00:00:00",0
1967.71,-0.531605,1967,9,"1967-9-15 00:00:00",-1
1968.79,0.370777,1968,10,"1968-10-15 00:00:00",0
1968.88,0.826355,1968,11,"1968-11-15 00:00:00",1
1968.04,-0.568039,1968,1,"1968-1-15 00:00:00",-1
1968.96,0.782343,1968,12,"1968-12-15 00:00:00",1
1968.12,-0.744883,1968,2,"1968-2-15 00:00:00",-1
1968.21,-0.71748,1968,3,"1968-3-15 00:00:00",-1
1968.29,-0.398396,1968,4,"1968-4-15 00:00:00",0
1968.38,-0.356298,1968,5,"1968-5-15 00:00:00",0
1968.46,0.281145,1968,6,"1968-6-15 00:00:00",0
1968.54,0.438663,1968,7,"1968-7-15 00:00:00",0
1968.62,0.417404,1968,8,"1968-8-15 00:00:00",0
1968.71,0.114237,1968,9,"1968-9-15 00:00:00",0
1969.79,0.717937,1969,10,"1969-10-15 00:00:00",1
1969.88,0.815746,1969,11,"1969-11-15 00:00:00",1
1969.04,0.93951,1969,1,"1969-1-15 00:00:00",1
1969.96,0.702532,1969,12,"1969-12-15 00:00:00",1
1969.12,1.0215,1969,2,"1969-2-15 00:00:00",1
1969.21,0.64698,1969,3,"1969-3-15 00:00:00",1
1969.29,0.391575,1969,4,"1969-4-15 00:00:00",0
1969.38,0.463831,1969,5,"1969-5-15 00:00:00",0
1969.46,0.356815,1969,6,"1969-6-15 00:00:00",0
1969.54,0.214264,1969,7,"1969-7-15 00:00:00",0
1969.62,0.600426,1969,8,"1969-8-15 00:00:00",1
1969.71,0.528715,1969,9,"1969-9-15 00:00:00",1
1970.79,-0.600372,1970,10,"1970-10-15 00:00:00",-1
1970.88,-0.789764,1970,11,"1970-11-15 00:00:00",-1
1970.04,0.59531,1970,1,"1970-1-15 00:00:00",1
1970.96,-1.09575,1970,12,"1970-12-15 00:00:00",-1
1970.12,0.368706,1970,2,"1970-2-15 00:00:00",0
1970.21,0.310221,1970,3,"1970-3-15 00:00:00",0
1970.29,0.243584,1970,4,"1970-4-15 00:00:00",0
1970.38,0.0816402,1970,5,"1970-5-15 00:00:00",0
1970.46,-0.222235,1970,6,"1970-6-15 00:00:00",0
1970.54,-0.876486,1970,7,"1970-7-15 00:00:00",-1
1970.62,-0.883785,1970,8,"1970-8-15 00:00:00",-1
1970.71,-0.733274,1970,9,"1970-9-15 00:00:00",-1
1971.79,-0.736723,1971,10,"1971-10-15 00:00:00",-1
1971.88,-0.799685,1971,11,"1971-11-15 00:00:00",-1
1971.04,-1.41523,1971,1,"1971-1-15 00:00:00",-1
1971.96,-0.892168,1971,12,"1971-12-15 00:00:00",-1
1971.12,-1.26996,1971,2,"1971-2-15 00:00:00",-1
1971.21,-1.23919,1971,3,"1971-3-15 00:00:00",-1
1971.29,-0.903816,1971,4,"1971-4-15 00:00:00",-1
1971.38,-0.74213,1971,5,"1971-5-15 00:00:00",-1
1971.46,-0.695326,1971,6,"1971-6-15 00:00:00",-1
1971.54,-0.521816,1971,7,"1971-7-15 00:00:00",-1
1971.62,-0.568325,1971,8,"1971-8-15 00:00:00",-1
1971.71,-0.692764,1971,9,"1971-9-15 00:00:00",-1
1972.79,1.82839,1972,10,"1972-10-15 00:00:00",2
1972.88,1.95064,1972,11,"1972-11-15 00:00:00",2
1972.04,-0.53429,1972,1,"1972-1-15 00:00:00",-1
1972.96,2.22238,1972,12,"1972-12-15 00:00:00",2
1972.12,-0.210104,1972,2,"1972-2-15 00:00:00",0
1972.21,-0.20689,1972,3,"1972-3-15 00:00:00",0
1972.29,0.275764,1972,4,"1972-4-15 00:00:00",0
1972.38,0.402161,1972,5,"1972-5-15 00:00:00",0
1972.46,0.740234,1972,6,"1972-6-15 00:00:00",1
1972.54,0.944603,1972,7,"1972-7-15 00:00:00",1
1972.62,1.39784,1972,8,"1972-8-15 00:00:00",1
1972.71,1.2512,1972,9,"1972-9-15 00:00:00",1
1973.79,-1.53353,1973,10,"1973-10-15 00:00:00",-2
1973.88,-2.01587,1973,11,"1973-11-15 00:00:00",-2
1973.04,1.65373,1973,1,"1973-1-15 00:00:00",2
1973.96,-2.15945,1973,12,"1973-12-15 00:00:00",-2
1973.12,1.0994,1973,2,"1973-2-15 00:00:00",1
1973.21,0.62874,1973,3,"1973-3-15 00:00:00",1
1973.29,-0.000455856,1973,4,"1973-4-15 00:00:00",0
1973.38,-0.4865,1973,5,"1973-5-15 00:00:00",0
1973.46,-0.769396,1973,6,"1973-6-15 00:00:00",-1
1973.54,-1.03434,1973,7,"1973-7-15 00:00:00",-1
1973.62,-1.12873,1973,8,"1973-8-15 00:00:00",-1
1973.71,-1.34683,1973,9,"1973-9-15 00:00:00",-1
1974.79,-0.698872,1974,10,"1974-10-15 00:00:00",-1
1974.88,-0.896465,1974,11,"1974-11-15 00:00:00",-1
1974.04,-1.97541,1974,1,"1974-1-15 00:00:00",-2
1974.96,-0.842337,1974,12,"1974-12-15 00:00:00",-1
1974.12,-1.49544,1974,2,"1974-2-15 00:00:00",-1
1974.21,-1.3868,1974,3,"1974-3-15 00:00:00",-1
1974.29,-0.925825,1974,4,"1974-4-15 00:00:00",-1
1974.38,-0.71241,1974,5,"1974-5-15 00:00:00",-1
1974.46,-0.607056,1974,6,"1974-6-15 00:00:00",-1
1974.54,-0.525427,1974,7,"1974-7-15 00:00:00",-1
1974.62,-0.227474,1974,8,"1974-8-15 00:00:00",0
1974.71,-0.285294,1974,9,"1974-9-15 00:00:00",0
1975.79,-1.41776,1975,10,"1975-10-15 00:00:00",-1
1975.88,-1.39425,1975,11,"1975-11-15 00:00:00",-1
1975.04,-0.317539,1975,1,"1975-1-15 00:00:00",0
1975.96,-1.62246,1975,12,"1975-12-15 00:00:00",-2
1975.12,-0.320423,1975,2,"1975-2-15 00:00:00",0
1975.21,-0.55028,1975,3,"1975-3-15 00:00:00",-1
1975.29,-0.518166,1975,4,"1975-4-15 00:00:00",-1
1975.38,-0.924559,1975,5,"1975-5-15 00:00:00",-1
1975.46,-1.174,1975,6,"1975-6-15 00:00:00",-1
1975.54,-1.12192,1975,7,"1975-7-15 00:00:00",-1
1975.62,-1.06984,1975,8,"1975-8-15 00:00:00",-1
1975.71,-1.37908,1975,9,"1975-9-15 00:00:00",-1
1976.79,0.913017,1976,10,"1976-10-15 00:00:00",1
1976.88,0.951296,1976,11,"1976-11-15 00:00:00",1
1976.04,-1.76501,1976,1,"1976-1-15 00:00:00",-2
1976.96,0.664003,1976,12,"1976-12-15 00:00:00",1
1976.12,-1.04583,1976,2,"1976-2-15 00:00:00",-1
1976.21,-0.626049,1976,3,"1976-3-15 00:00:00",-1
1976.29,-0.351486,1976,4,"1976-4-15 00:00:00",0
1976.38,-0.411989,1976,5,"1976-5-15 00:00:00",0
1976.46,0.0942345,1976,6,"1976-6-15 00:00:00",0
1976.54,0.277714,1976,7,"1976-7-15 00:00:00",0
1976.62,0.403015,1976,8,"1976-8-15 00:00:00",0
1976.71,0.630636,1976,9,"1976-9-15 00:00:00",1
1977.79,0.943758,1977,10,"1977-10-15 00:00:00",1
1977.88,1.09595,1977,11,"1977-11-15 00:00:00",1
1977.04,0.896191,1977,1,"1977-1-15 00:00:00",1
1977.96,1.10092,1977,12,"1977-12-15 00:00:00",1
1977.12,0.566776,1977,2,"1977-2-15 00:00:00",1
1977.21,0.446609,1977,3,"1977-3-15 00:00:00",0
1977.29,-0.186636,1977,4,"1977-4-15 00:00:00",0
1977.38,0.0516605,1977,5,"1977-5-15 00:00:00",0
1977.46,0.449055,1977,6,"1977-6-15 00:00:00",0
1977.54,0.553644,1977,7,"1977-7-15 00:00:00",1
1977.62,0.322245,1977,8,"1977-8-15 00:00:00",0
1977.71,0.489666,1977,9,"1977-9-15 00:00:00",0
1978.79,-0.288841,1978,10,"1978-10-15 00:00:00",0
1978.88,-0.0899754,1978,11,"1978-11-15 00:00:00",0
1978.04,0.76939,1978,1,"1978-1-15 00:00:00",1
1978.96,0.0940533,1978,12,"1978-12-15 00:00:00",0
1978.12,0.519197,1978,2,"1978-2-15 00:00:00",1
1978.21,0.112141,1978,3,"1978-3-15 00:00:00",0
1978.29,-0.307716,1978,4,"1978-4-15 00:00:00",0
1978.38,-0.418098,1978,5,"1978-5-15 00:00:00",0
1978.46,-0.358776,1978,6,"1978-6-15 00:00:00",0
1978.54,-0.364437,1978,7,"1978-7-15 00:00:00",0
1978.62,-0.533396,1978,8,"1978-8-15 00:00:00",-1
1978.71,-0.541325,1978,9,"1978-9-15 00:00:00",-1
1979.79,0.375978,1979,10,"1979-10-15 00:00:00",0
1979.88,0.417965,1979,11,"1979-11-15 00:00:00",0
1979.04,0.0915413,1979,1,"1979-1-15 00:00:00",0
1979.96,0.708153,1979,12,"1979-12-15 00:00:00",1
1979.12,0.101566,1979,2,"1979-2-15 00:00:00",0
1979.21,0.173441,1979,3,"1979-3-15 00:00:00",0
1979.29,0.246214,1979,4,"1979-4-15 00:00:00",0
1979.38,-0.00260925,1979,5,"1979-5-15 00:00:00",0
1979.46,0.132654,1979,6,"1979-6-15 00:00:00",0
1979.54,-0.089426,1979,7,"1979-7-15 00:00:00",0
1979.62,0.302475,1979,8,"1979-8-15 00:00:00",0
1979.71,0.543627,1979,9,"1979-9-15 00:00:00",1
1980.79,-0.0677719,1980,10,"1980-10-15 00:00:00",0
1980.88,0.154566,1980,11,"1980-11-15 00:00:00",0
1980.04,0.595881,1980,1,"1980-1-15 00:00:00",1
1980.96,0.374023,1980,12,"1980-12-15 00:00:00",0
1980.12,0.337708,1980,2,"1980-2-15 00:00:00",0
1980.21,0.141361,1980,3,"1980-3-15 00:00:00",0
1980.29,0.265854,1980,4,"1980-4-15 00:00:00",0
1980.38,0.21015,1980,5,"1980-5-15 00:00:00",0
1980.46,0.457134,1980,6,"1980-6-15 00:00:00",0
1980.54,0.129944,1980,7,"1980-7-15 00:00:00",0
1980.62,-0.154005,1980,8,"1980-8-15 00:00:00",0
1980.71,-0.0755234,1980,9,"1980-9-15 00:00:00",0
1981.79,0.0188274,1981,10,"1981-10-15 00:00:00",0
1981.88,-0.202475,1981,11,"1981-11-15 00:00:00",0
1981.04,-0.412779,1981,1,"1981-1-15 00:00:00",0
1981.96,0.079422,1981,12,"1981-12-15 00:00:00",0
1981.12,-0.446844,1981,2,"1981-2-15 00:00:00",0
1981.21,0.0270901,1981,3,"1981-3-15 00:00:00",0
1981.29,-0.0982151,1981,4,"1981-4-15 00:00:00",0
1981.38,-0.0240688,1981,5,"1981-5-15 00:00:00",0
1981.46,-0.0574856,1981,6,"1981-6-15 00:00:00",0
1981.54,-0.318056,1981,7,"1981-7-15 00:00:00",0
1981.62,-0.0954342,1981,8,"1981-8-15 00:00:00",0
1981.71,-0.00943375,1981,9,"1981-9-15 00:00:00",0
1982.79,2.05959,1982,10,"1982-10-15 00:00:00",2
1982.88,2.15092,1982,11,"1982-11-15 00:00:00",2
1982.04,0.0175209,1982,1,"1982-1-15 00:00:00",0
1982.96,2.37697,1982,12,"1982-12-15 00:00:00",2
1982.12,-0.109333,1982,2,"1982-2-15 00:00:00",0
1982.21,0.0366497,1982,3,"1982-3-15 00:00:00",0
1982.29,0.315134,1982,4,"1982-4-15 00:00:00",0
1982.38,0.73167,1982,5,"1982-5-15 00:00:00",1
1982.46,1.01423,1982,6,"1982-6-15 00:00:00",1
1982.54,0.749994,1982,7,"1982-7-15 00:00:00",1
1982.62,1.01657,1982,8,"1982-8-15 00:00:00",1
1982.71,1.45175,1982,9,"1982-9-15 00:00:00",1
1983.79,-0.982113,1983,10,"1983-10-15 00:00:00",-1
1983.88,-1.07192,1983,11,"1983-11-15 00:00:00",-1
1983.04,2.50554,1983,1,"1983-1-15 00:00:00",3
1983.96,-0.932768,1983,12,"1983-12-15 00:00:00",-1
1983.12,2.25759,1983,2,"1983-2-15 00:00:00",2
1983.21,1.76648,1983,3,"1983-3-15 00:00:00",2
1983.29,1.21397,1983,4,"1983-4-15 00:00:00",1
1983.38,1.21896,1983,5,"1983-5-15 00:00:00",1
1983.46,0.718235,1983,6,"1983-6-15 00:00:00",1
1983.54,0.00587463,1983,7,"1983-7-15 00:00:00",0
1983.62,-0.0397148,1983,8,"1983-8-15 00:00:00",0
1983.71,-0.434553,1983,9,"1983-9-15 00:00:00",0
1984.79,-0.784122,1984,10,"1984-10-15 00:00:00",-1
1984.88,-1.11569,1984,11,"1984-11-15 00:00:00",-1
1984.04,-0.742239,1984,1,"1984-1-15 00:00:00",-1
1984.96,-1.51877,1984,12,"1984-12-15 00:00:00",-2
1984.12,-0.511374,1984,2,"1984-2-15 00:00:00",-1
1984.21,-0.415779,1984,3,"1984-3-15 00:00:00",0
1984.29,-0.518435,1984,4,"1984-4-15 00:00:00",-1
1984.38,-0.552599,1984,5,"1984-5-15 00:00:00",-1
1984.46,-0.809986,1984,6,"1984-6-15 00:00:00",-1
1984.54,-0.286566,1984,7,"1984-7-15 00:00:00",0
1984.62,-0.313765,1984,8,"1984-8-15 00:00:00",0
1984.71,-0.292383,1984,9,"1984-9-15 00:00:00",0
1985.79,-0.594563,1985,10,"1985-10-15 00:00:00",-1
1985.88,-0.372435,1985,11,"1985-11-15 00:00:00",0
1985.04,-0.84193,1985,1,"1985-1-15 00:00:00",-1
1985.96,-0.386648,1985,12,"1985-12-15 00:00:00",0
1985.12,-0.900173,1985,2,"1985-2-15 00:00:00",-1
1985.21,-0.905289,1985,3,"1985-3-15 00:00:00",-1
1985.29,-0.907206,1985,4,"1985-4-15 00:00:00",-1
1985.38,-0.814529,1985,5,"1985-5-15 00:00:00",-1
1985.46,-0.666796,1985,6,"1985-6-15 00:00:00",-1
1985.54,-0.489656,1985,7,"1985-7-15 00:00:00",0
1985.62,-0.412806,1985,8,"1985-8-15 00:00:00",0
1985.71,-0.514334,1985,9,"1985-9-15 00:00:00",-1
1986.79,0.950268,1986,10,"1986-10-15 00:00:00",1
1986.88,1.10975,1986,11,"1986-11-15 00:00:00",1
1986.04,-0.740799,1986,1,"1986-1-15 00:00:00",-1
1986.96,1.00037,1986,12,"1986-12-15 00:00:00",1
1986.12,-0.630323,1986,2,"1986-2-15 00:00:00",-1
1986.21,-0.451069,1986,3,"1986-3-15 00:00:00",0
1986.29,-0.329786,1986,4,"1986-4-15 00:00:00",0
1986.38,-0.389309,1986,5,"1986-5-15 00:00:00",0
1986.46,0.0123043,1986,6,"1986-6-15 00:00:00",0
1986.54,0.271433,1986,7,"1986-7-15 00:00:00",0
1986.62,0.311926,1986,8,"1986-8-15 00:00:00",0
1986.71,0.642136,1986,9,"1986-9-15 00:00:00",1
1987.79,1.41345,1987,10,"1987-10-15 00:00:00",1
1987.88,1.35343,1987,11,"1987-11-15 00:00:00",1
1987.04,1.2538,1987,1,"1987-1-15 00:00:00",1
1987.96,1.06746,1987,12,"1987-12-15 00:00:00",1
1987.12,1.19321,1987,2,"1987-2-15 00:00:00",1
1987.21,1.29737,1987,3,"1987-3-15 00:00:00",1
1987.29,0.967125,1987,4,"1987-4-15 00:00:00",1
1987.38,0.9979,1987,5,"1987-5-15 00:00:00",1
1987.46,1.33191,1987,6,"1987-6-15 00:00:00",1
1987.54,1.4596,1987,7,"1987-7-15 00:00:00",1
1987.62,1.56952,1987,8,"1987-8-15 00:00:00",2
1987.71,1.59071,1987,9,"1987-9-15 00:00:00",2
1988.79,-2.04216,1988,10,"1988-10-15 00:00:00",-2
1988.88,-2.11856,1988,11,"1988-11-15 00:00:00",-2
1988.04,0.742121,1988,1,"1988-1-15 00:00:00",1
1988.96,-1.96668,1988,12,"1988-12-15 00:00:00",-2
1988.12,0.366037,1988,2,"1988-2-15 00:00:00",0
1988.21,0.342281,1988,3,"1988-3-15 00:00:00",0
1988.29,-0.414305,1988,4,"1988-4-15 00:00:00",0
1988.38,-0.969719,1988,5,"1988-5-15 00:00:00",-1
1988.46,-1.37547,1988,6,"1988-6-15 00:00:00",-1
1988.54,-1.43074,1988,7,"1988-7-15 00:00:00",-1
1988.62,-1.36954,1988,8,"1988-8-15 00:00:00",-1
1988.71,-1.28531,1988,9,"1988-9-15 00:00:00",-1
1989.79,-0.349663,1989,10,"1989-10-15 00:00:00",0
1989.88,-0.236534,1989,11,"1989-11-15 00:00:00",0
1989.04,-1.89728,1989,1,"1989-1-15 00:00:00",-2
1989.96,-0.114677,1989,12,"1989-12-15 00:00:00",0
1989.12,-1.3526,1989,2,"1989-2-15 00:00:00",-1
1989.21,-1.26624,1989,3,"1989-3-15 00:00:00",-1
1989.29,-1.03167,1989,4,"1989-4-15 00:00:00",-1
1989.38,-0.711939,1989,5,"1989-5-15 00:00:00",-1
1989.46,-0.543705,1989,6,"1989-6-15 00:00:00",-1
1989.54,-0.344397,1989,7,"1989-7-15 00:00:00",0
1989.62,-0.500025,1989,8,"1989-8-15 00:00:00",-1
1989.71,-0.329794,1989,9,"1989-9-15 00:00:00",0
1990.79,0.168098,1990,10,"1990-10-15 00:00:00",0
1990.88,0.128296,1990,11,"1990-11-15 00:00:00",0
1990.04,0.068121,1990,1,"1990-1-15 00:00:00",0
1990.96,0.321413,1990,12,"1990-12-15 00:00:00",0
1990.12,0.368826,1990,2,"1990-2-15 00:00:00",0
1990.21,0.249441,1990,3,"1990-3-15 00:00:00",0
1990.29,0.331085,1990,4,"1990-4-15 00:00:00",0
1990.38,0.40925,1990,5,"1990-5-15 00:00:00",0
1990.46,0.0912437,1990,6,"1990-6-15 00:00:00",0
1990.54,0.260744,1990,7,"1990-7-15 00:00:00",0
1990.62,0.249165,1990,8,"1990-8-15 00:00:00",0
1990.71,0.165556,1990,9,"1990-9-15 00:00:00",0
1991.79,0.952278,1991,10,"1991-10-15 00:00:00",1
1991.88,1.20119,1991,11,"1991-11-15 00:00:00",1
1991.04,0.548571,1991,1,"1991-1-15 00:00:00",1
1991.96,1.64476,1991,12,"1991-12-15 00:00:00",2
1991.12,0.325487,1991,2,"1991-2-15 00:00:00",0
1991.21,0.15139,1991,3,"1991-3-15 00:00:00",0
1991.29,0.278885,1991,4,"1991-4-15 00:00:00",0
1991.38,0.51696,1991,5,"1991-5-15 00:00:00",1
1991.46,0.741035,1991,6,"1991-6-15 00:00:00",1
1991.54,0.738783,1991,7,"1991-7-15 00:00:00",1
1991.62,0.506695,1991,8,"1991-8-15 00:00:00",1
1991.71,0.273066,1991,9,"1991-9-15 00:00:00",0
1992.79,-0.303402,1992,10,"1992-10-15 00:00:00",0
1992.88,-0.0848637,1992,11,"1992-11-15 00:00:00",0
1992.04,1.67591,1992,1,"1992-1-15 00:00:00",2
1992.96,0.0512333,1992,12,"1992-12-15 00:00:00",0
1992.12,1.64914,1992,2,"1992-2-15 00:00:00",2
1992.21,1.56379,1992,3,"1992-3-15 00:00:00",2
1992.29,1.49036,1992,4,"1992-4-15 00:00:00",1
1992.38,1.36208,1992,5,"1992-5-15 00:00:00",1
1992.46,0.625185,1992,6,"1992-6-15 00:00:00",1
1992.54,0.385214,1992,7,"1992-7-15 00:00:00",0
1992.62,-0.0729656,1992,8,"1992-8-15 00:00:00",0
1992.71,-0.0915432,1992,9,"1992-9-15 00:00:00",0
1993.79,0.404278,1993,10,"1993-10-15 00:00:00",0
1993.88,0.342455,1993,11,"1993-11-15 00:00:00",0
1993.04,0.312201,1993,1,"1993-1-15 00:00:00",0
1993.96,0.203823,1993,12,"1993-12-15 00:00:00",0
1993.12,0.431946,1993,2,"1993-2-15 00:00:00",0
1993.21,0.52441,1993,3,"1993-3-15 00:00:00",1
1993.29,0.993155,1993,4,"1993-4-15 00:00:00",1
1993.38,1.01807,1993,5,"1993-5-15 00:00:00",1
1993.46,0.728554,1993,6,"1993-6-15 00:00:00",1
1993.54,0.433023,1993,7,"1993-7-15 00:00:00",0
1993.62,0.231276,1993,8,"1993-8-15 00:00:00",0
1993.71,0.308136,1993,9,"1993-9-15 00:00:00",0
1994.79,0.937788,1994,10,"1994-10-15 00:00:00",1
1994.88,1.1948,1994,11,"1994-11-15 00:00:00",1
1994.04,0.0845013,1994,1,"1994-1-15 00:00:00",0
1994.96,1.22382,1994,12,"1994-12-15 00:00:00",1
1994.12,-0.146534,1994,2,"1994-2-15 00:00:00",0
1994.21,-0.0101891,1994,3,"1994-3-15 00:00:00",0
1994.29,0.103714,1994,4,"1994-4-15 00:00:00",0
1994.38,0.216831,1994,5,"1994-5-15 00:00:00",0
1994.46,0.358284,1994,6,"1994-6-15 00:00:00",0
1994.54,0.262774,1994,7,"1994-7-15 00:00:00",0
1994.62,0.591764,1994,8,"1994-8-15 00:00:00",1
1994.71,0.444756,1994,9,"1994-9-15 00:00:00",0
1995.79,-0.680912,1995,10,"1995-10-15 00:00:00",-1
1995.88,-0.727804,1995,11,"1995-11-15 00:00:00",-1
1995.04,1.143,1995,1,"1995-1-15 00:00:00",1
1995.96,-0.714447,1995,12,"1995-12-15 00:00:00",-1
1995.12,0.883926,1995,2,"1995-2-15 00:00:00",1
1995.21,0.534231,1995,3,"1995-3-15 00:00:00",1
1995.29,0.332504,1995,4,"1995-4-15 00:00:00",0
1995.38,0.10335,1995,5,"1995-5-15 00:00:00",0
1995.46,0.166864,1995,6,"1995-6-15 00:00:00",0
1995.54,0.142384,1995,7,"1995-7-15 00:00:00",0
1995.62,-0.304825,1995,8,"1995-8-15 00:00:00",0
1995.71,-0.519005,1995,9,"1995-9-15 00:00:00",-1
1996.79,-0.228262,1996,10,"1996-10-15 00:00:00",0
1996.88,-0.241705,1996,11,"1996-11-15 00:00:00",0
1996.04,-0.602409,1996,1,"1996-1-15 00:00:00",-1
1996.96,-0.416218,1996,12,"1996-12-15 00:00:00",0
1996.12,-0.646734,1996,2,"1996-2-15 00:00:00",-1
1996.21,-0.42382,1996,3,"1996-3-15 00:00:00",0
1996.29,-0.263735,1996,4,"1996-4-15 00:00:00",0
1996.38,-0.322618,1996,5,"1996-5-15 00:00:00",0
1996.46,-0.0297356,1996,6,"1996-6-15 00:00:00",0
1996.54,-0.0239658,1996,7,"1996-7-15 00:00:00",0
1996.62,-0.216295,1996,8,"1996-8-15 00:00:00",0
1996.71,-0.284414,1996,9,"1996-9-15 00:00:00",0
1997.79,2.36526,1997,10,"1997-10-15 00:00:00",2
1997.88,2.51216,1997,11,"1997-11-15 00:00:00",3
1997.04,-0.386589,1997,1,"1997-1-15 00:00:00",0
1997.96,2.34623,1997,12,"1997-12-15 00:00:00",2
1997.12,-0.224792,1997,2,"1997-2-15 00:00:00",0
1997.21,-0.0118198,1997,3,"1997-3-15 00:00:00",0
1997.29,0.408764,1997,4,"1997-4-15 00:00:00",0
1997.38,0.95878,1997,5,"1997-5-15 00:00:00",1
1997.46,1.25143,1997,6,"1997-6-15 00:00:00",1
1997.54,1.73019,1997,7,"1997-7-15 00:00:00",2
1997.62,2.03502,1997,8,"1997-8-15 00:00:00",2
1997.71,2.17817,1997,9,"1997-9-15 00:00:00",2
1998.79,-1.13657,1998,10,"1998-10-15 00:00:00",-1
1998.88,-1.16073,1998,11,"1998-11-15 00:00:00",-1
1998.04,2.49331,1998,1,"1998-1-15 00:00:00",2
1998.96,-1.48839,1998,12,"1998-12-15 00:00:00",-1
1998.12,2.11735,1998,2,"1998-2-15 00:00:00",2
1998.21,1.55745,1998,3,"1998-3-15 00:00:00",2
1998.29,0.988174,1998,4,"1998-4-15 00:00:00",1
1998.38,0.78105,1998,5,"1998-5-15 00:00:00",1
1998.46,-0.298855,1998,6,"1998-6-15 00:00:00",0
1998.54,-0.619556,1998,7,"1998-7-15 00:00:00",-1
1998.62,-0.751245,1998,8,"1998-8-15 00:00:00",-1
1998.71,-0.767315,1998,9,"1998-9-15 00:00:00",-1
1999.79,-0.984472,1999,10,"1999-10-15 00:00:00",-1
1999.88,-1.34994,1999,11,"1999-11-15 00:00:00",-1
1999.04,-1.47404,1999,1,"1999-1-15 00:00:00",-1
1999.96,-1.52404,1999,12,"1999-12-15 00:00:00",-2
1999.12,-1.39078,1999,2,"1999-2-15 00:00:00",-1
1999.21,-0.859049,1999,3,"1999-3-15 00:00:00",-1
1999.29,-0.734625,1999,4,"1999-4-15 00:00:00",-1
1999.38,-0.78616,1999,5,"1999-5-15 00:00:00",-1
1999.46,-0.863316,1999,6,"1999-6-15 00:00:00",-1
1999.54,-0.722095,1999,7,"1999-7-15 00:00:00",-1
1999.62,-0.903364,1999,8,"1999-8-15 00:00:00",-1
1999.71,-0.783255,1999,9,"1999-9-15 00:00:00",-1
2000.79,-0.501171,2000,10,"2000-10-15 00:00:00",-1
2000.88,-0.684565,2000,11,"2000-11-15 00:00:00",-1
2000.04,-1.7459,2000,1,"2000-1-15 00:00:00",-2
2000.96,-0.900097,2000,12,"2000-12-15 00:00:00",-1
2000.12,-1.51677,2000,2,"2000-2-15 00:00:00",-2
2000.21,-1.20046,2000,3,"2000-3-15 00:00:00",-1
2000.29,-0.718666,2000,4,"2000-4-15 00:00:00",-1
2000.38,-0.70969,2000,5,"2000-5-15 00:00:00",-1
2000.46,-0.662676,2000,6,"2000-6-15 00:00:00",-1
2000.54,-0.453497,2000,7,"2000-7-15 00:00:00",0
2000.62,-0.275785,2000,8,"2000-8-15 00:00:00",0
2000.71,-0.337244,2000,9,"2000-9-15 00:00:00",0
2001.79,-0.217293,2001,10,"2001-10-15 00:00:00",0
2001.88,-0.227835,2001,11,"2001-11-15 00:00:00",0
2001.04,-0.824989,2001,1,"2001-1-15 00:00:00",-1
2001.96,-0.454758,2001,12,"2001-12-15 00:00:00",0
2001.12,-0.606064,2001,2,"2001-2-15 00:00:00",-1
2001.21,-0.419899,2001,3,"2001-3-15 00:00:00",0
2001.29,-0.221546,2001,4,"2001-4-15 00:00:00",0
2001.38,-0.21652,2001,5,"2001-5-15 00:00:00",0
2001.46,-0.0237446,2001,6,"2001-6-15 00:00:00",0
2001.54,0.121695,2001,7,"2001-7-15 00:00:00",0
2001.62,0.00374413,2001,8,"2001-8-15 00:00:00",0
2001.71,-0.238865,2001,9,"2001-9-15 00:00:00",0
2002.79,1.20652,2002,10,"2002-10-15 00:00:00",1
2002.88,1.47164,2002,11,"2002-11-15 00:00:00",1
2002.04,-0.100779,2002,1,"2002-1-15 00:00:00",0
2002.96,1.43332,2002,12,"2002-12-15 00:00:00",1
2002.12,0.0116158,2002,2,"2002-2-15 00:00:00",0
2002.21,0.156021,2002,3,"2002-3-15 00:00:00",0
2002.29,0.207104,2002,4,"2002-4-15 00:00:00",0
2002.38,0.290442,2002,5,"2002-5-15 00:00:00",0
2002.46,0.772114,2002,6,"2002-6-15 00:00:00",1
2002.54,0.681435,2002,7,"2002-7-15 00:00:00",1
2002.62,0.773254,2002,8,"2002-8-15 00:00:00",1
2002.71,0.867537,2002,9,"2002-9-15 00:00:00",1
2003.79,0.503428,2003,10,"2003-10-15 00:00:00",1
2003.88,0.450905,2003,11,"2003-11-15 00:00:00",0
2003.04,1.02512,2003,1,"2003-1-15 00:00:00",1
2003.96,0.334932,2003,12,"2003-12-15 00:00:00",0
2003.12,0.644726,2003,2,"2003-2-15 00:00:00",1
2003.21,0.53046,2003,3,"2003-3-15 00:00:00",1
2003.29,0.0359745,2003,4,"2003-4-15 00:00:00",0
2003.38,-0.447239,2003,5,"2003-5-15 00:00:00",0
2003.46,-0.109926,2003,6,"2003-6-15 00:00:00",0
2003.54,0.257504,2003,7,"2003-7-15 00:00:00",0
2003.62,0.128025,2003,8,"2003-8-15 00:00:00",0
2003.71,0.202606,2003,9,"2003-9-15 00:00:00",0
2004.79,0.775108,2004,10,"2004-10-15 00:00:00",1
2004.88,0.674355,2004,11,"2004-11-15 00:00:00",1
2004.04,0.308521,2004,1,"2004-1-15 00:00:00",0
2004.96,0.722803,2004,12,"2004-12-15 00:00:00",1
2004.12,0.182026,2004,2,"2004-2-15 00:00:00",0
2004.21,-0.0474701,2004,3,"2004-3-15 00:00:00",0
2004.29,0.134005,2004,4,"2004-4-15 00:00:00",0
2004.38,0.180401,2004,5,"2004-5-15 00:00:00",0
2004.46,0.224455,2004,6,"2004-6-15 00:00:00",0
2004.54,0.523924,2004,7,"2004-7-15 00:00:00",1
2004.62,0.745825,2004,8,"2004-8-15 00:00:00",1
2004.71,0.718046,2004,9,"2004-9-15 00:00:00",1
2005.79,-0.100311,2005,10,"2005-10-15 00:00:00",0
2005.88,-0.382664,2005,11,"2005-11-15 00:00:00",0
2005.04,0.60195,2005,1,"2005-1-15 00:00:00",1
2005.96,-0.744577,2005,12,"2005-12-15 00:00:00",-1
2005.12,0.267757,2005,2,"2005-2-15 00:00:00",0
2005.21,0.32696,2005,3,"2005-3-15 00:00:00",0
2005.29,0.354324,2005,4,"2005-4-15 00:00:00",0
2005.38,0.38471,2005,5,"2005-5-15 00:00:00",0
2005.46,0.312084,2005,6,"2005-6-15 00:00:00",0
2005.54,0.108624,2005,7,"2005-7-15 00:00:00",0
2005.62,0.0380745,2005,8,"2005-8-15 00:00:00",0
2005.71,-0.0308838,2005,9,"2005-9-15 00:00:00",0
2006.79,0.804567,2006,10,"2006-10-15 00:00:00",1
2006.88,1.03991,2006,11,"2006-11-15 00:00:00",1
2006.04,-0.935179,2006,1,"2006-1-15 00:00:00",-1
2006.96,1.11811,2006,12,"2006-12-15 00:00:00",1
2006.12,-0.694653,2006,2,"2006-2-15 00:00:00",-1
2006.21,-0.68203,2006,3,"2006-3-15 00:00:00",-1
2006.29,-0.233025,2006,4,"2006-4-15 00:00:00",0
2006.38,-0.0227795,2006,5,"2006-5-15 00:00:00",0
2006.46,0.178455,2006,6,"2006-6-15 00:00:00",0
2006.54,0.141294,2006,7,"2006-7-15 00:00:00",0
2006.62,0.450436,2006,8,"2006-8-15 00:00:00",0
2006.71,0.680416,2006,9,"2006-9-15 00:00:00",1
2007.79,-1.36843,2007,10,"2007-10-15 00:00:00",-1
2007.88,-1.52948,2007,11,"2007-11-15 00:00:00",-2
2007.04,0.640121,2007,1,"2007-1-15 00:00:00",1
2007.96,-1.59679,2007,12,"2007-12-15 00:00:00",-2
2007.12,0.133127,2007,2,"2007-2-15 00:00:00",0
2007.21,-0.0999088,2007,3,"2007-3-15 00:00:00",0
2007.29,-0.0896759,2007,4,"2007-4-15 00:00:00",0
2007.38,-0.3127,2007,5,"2007-5-15 00:00:00",0
2007.46,-0.0774155,2007,6,"2007-6-15 00:00:00",0
2007.54,-0.258196,2007,7,"2007-7-15 00:00:00",0
2007.62,-0.492756,2007,8,"2007-8-15 00:00:00",0
2007.71,-0.989334,2007,9,"2007-9-15 00:00:00",-1
2008.79,-0.246113,2008,10,"2008-10-15 00:00:00",0
2008.88,-0.298925,2008,11,"2008-11-15 00:00:00",0
2008.04,-1.73797,2008,1,"2008-1-15 00:00:00",-2
2008.96,-0.885538,2008,12,"2008-12-15 00:00:00",-1
2008.12,-1.68186,2008,2,"2008-2-15 00:00:00",-2
2008.21,-1.11206,2008,3,"2008-3-15 00:00:00",-1
2008.29,-0.814606,2008,4,"2008-4-15 00:00:00",-1
2008.38,-0.5567,2008,5,"2008-5-15 00:00:00",-1
2008.46,-0.350315,2008,6,"2008-6-15 00:00:00",0
2008.54,0.0830231,2008,7,"2008-7-15 00:00:00",0
2008.62,0.0477943,2008,8,"2008-8-15 00:00:00",0
2008.71,-0.214874,2008,9,"2008-9-15 00:00:00",0
2009.79,1.0006,2009,10,"2009-10-15 00:00:00",1
2009.88,1.55816,2009,11,"2009-11-15 00:00:00",2
2009.04,-0.95483,2009,1,"2009-1-15 00:00:00",-1
2009.96,1.82676,2009,12,"2009-12-15 00:00:00",2
2009.12,-0.696712,2009,2,"2009-2-15 00:00:00",-1
2009.21,-0.669889,2009,3,"2009-3-15 00:00:00",-1
2009.29,-0.180956,2009,4,"2009-4-15 00:00:00",0
2009.38,0.25976,2009,5,"2009-5-15 00:00:00",0
2009.46,0.579334,2009,6,"2009-6-15 00:00:00",1
2009.54,0.808983,2009,7,"2009-7-15 00:00:00",1
2009.62,0.699465,2009,8,"2009-8-15 00:00:00",1
2009.71,0.741785,2009,9,"2009-9-15 00:00:00",1
2010.79,-1.60583,2010,10,"2010-10-15 00:00:00",-2
2010.88,-1.51194,2010,11,"2010-11-15 00:00:00",-2
2010.04,1.47222,2010,1,"2010-1-15 00:00:00",1
2010.96,-1.61198,2010,12,"2010-12-15 00:00:00",-2
2010.12,1.18857,2010,2,"2010-2-15 00:00:00",1
2010.21,1.118,2010,3,"2010-3-15 00:00:00",1
2010.29,0.625395,2010,4,"2010-4-15 00:00:00",1
2010.38,-0.068119,2010,5,"2010-5-15 00:00:00",0
2010.46,-0.533806,2010,6,"2010-6-15 00:00:00",-1
2010.54,-0.777515,2010,7,"2010-7-15 00:00:00",-1
2010.62,-1.24558,2010,8,"2010-8-15 00:00:00",-1
2010.71,-1.5048,2010,9,"2010-9-15 00:00:00",-2
2011.79,-0.878983,2011,10,"2011-10-15 00:00:00",-1
2011.88,-1.03607,2011,11,"2011-11-15 00:00:00",-1
2011.04,-1.65027,2011,1,"2011-1-15 00:00:00",-2
2011.96,-1.02748,2011,12,"2011-12-15 00:00:00",-1
2011.12,-1.24587,2011,2,"2011-2-15 00:00:00",-1
2011.21,-0.93738,2011,3,"2011-3-15 00:00:00",-1
2011.29,-0.664036,2011,4,"2011-4-15 00:00:00",-1
2011.38,-0.443378,2011,5,"2011-5-15 00:00:00",0
2011.46,-0.159916,2011,6,"2011-6-15 00:00:00",0
2011.54,-0.107246,2011,7,"2011-7-15 00:00:00",0
2011.62,-0.575066,2011,8,"2011-8-15 00:00:00",-1
2011.71,-0.699875,2011,9,"2011-9-15 00:00:00",-1
2012.79,0.273977,2012,10,"2012-10-15 00:00:00",0
2012.88,0.390446,2012,11,"2012-11-15 00:00:00",0
2012.04,-0.87401,2012,1,"2012-1-15 00:00:00",-1
2012.96,-0.122118,2012,12,"2012-12-15 00:00:00",0
2012.12,-0.590204,2012,2,"2012-2-15 00:00:00",-1
2012.21,-0.42041,2012,3,"2012-3-15 00:00:00",0
2012.29,-0.217846,2012,4,"2012-4-15 00:00:00",0
2012.38,-0.0910187,2012,5,"2012-5-15 00:00:00",0
2012.46,0.234724,2012,6,"2012-6-15 00:00:00",0
2012.54,0.564823,2012,7,"2012-7-15 00:00:00",1
2012.62,0.751425,2012,8,"2012-8-15 00:00:00",1
2012.71,0.496777,2012,9,"2012-9-15 00:00:00",0
2013.79,-0.196272,2013,10,"2013-10-15 00:00:00",0
2013.88,0.0417252,2013,11,"2013-11-15 00:00:00",0
2013.04,-0.376839,2013,1,"2013-1-15 00:00:00",0
2013.96,-0.0710869,2013,12,"2013-12-15 00:00:00",0
2013.12,-0.393093,2013,2,"2013-2-15 00:00:00",0
2013.21,-0.0807095,2013,3,"2013-3-15 00:00:00",0
2013.29,-0.00179482,2013,4,"2013-4-15 00:00:00",0
2013.38,-0.196049,2013,5,"2013-5-15 00:00:00",0
2013.46,-0.246046,2013,6,"2013-6-15 00:00:00",0
2013.54,-0.173586,2013,7,"2013-7-15 00:00:00",0
2013.62,-0.214624,2013,8,"2013-8-15 00:00:00",0
2013.71,-0.0421238,2013,9,"2013-9-15 00:00:00",0
2014.79,0.531967,2014,10,"2014-10-15 00:00:00",1
2014.88,0.954586,2014,11,"2014-11-15 00:00:00",1
2014.04,-0.370739,2014,1,"2014-1-15 00:00:00",0
2014.96,0.792913,2014,12,"2014-12-15 00:00:00",1
2014.12,-0.438114,2014,2,"2014-2-15 00:00:00",0
2014.21,-0.0189991,2014,3,"2014-3-15 00:00:00",0
2014.29,0.351734,2014,4,"2014-4-15 00:00:00",0
2014.38,0.53521,2014,5,"2014-5-15 00:00:00",1
2014.46,0.570955,2014,6,"2014-6-15 00:00:00",1
2014.54,0.245653,2014,7,"2014-7-15 00:00:00",0
2014.62,0.218115,2014,8,"2014-8-15 00:00:00",0
2014.71,0.423216,2014,9,"2014-9-15 00:00:00",0
2015.79,2.27425,2015,10,"2015-10-15 00:00:00",2
2015.88,2.64734,2015,11,"2015-11-15 00:00:00",3
2015.04,0.636351,2015,1,"2015-1-15 00:00:00",1
2015.96,2.58937,2015,12,"2015-12-15 00:00:00",3
2015.12,0.587008,2015,2,"2015-2-15 00:00:00",1
2015.21,0.521631,2015,3,"2015-3-15 00:00:00",1
2015.29,0.971554,2015,4,"2015-4-15 00:00:00",1
2015.38,1.11736,2015,5,"2015-5-15 00:00:00",1
2015.46,1.36957,2015,6,"2015-6-15 00:00:00",1
2015.54,1.67817,2015,7,"2015-7-15 00:00:00",2
2015.62,1.96095,2015,8,"2015-8-15 00:00:00",2
2015.71,2.0741,2015,9,"2015-9-15 00:00:00",2
2016.79,-0.700743,2016,10,"2016-10-15 00:00:00",-1
2016.88,-0.572985,2016,11,"2016-11-15 00:00:00",-1
2016.04,2.63269,2016,1,"2016-1-15 00:00:00",3
2016.96,-0.502897,2016,12,"2016-12-15 00:00:00",-1
2016.12,2.13336,2016,2,"2016-2-15 00:00:00",2
2016.21,1.65564,2016,3,"2016-3-15 00:00:00",2
2016.29,1.12255,2016,4,"2016-4-15 00:00:00",1
2016.38,0.53018,2016,5,"2016-5-15 00:00:00",1
2016.46,0.147015,2016,6,"2016-6-15 00:00:00",0
2016.54,-0.142776,2016,7,"2016-7-15 00:00:00",0
2016.62,-0.402025,2016,8,"2016-8-15 00:00:00",0
2016.71,-0.406155,2016,9,"2016-9-15 00:00:00",0
2017.79,-0.482582,2017,10,"2017-10-15 00:00:00",0
2017.88,-0.789955,2017,11,"2017-11-15 00:00:00",-1
2017.04,-0.28488,2017,1,"2017-1-15 00:00:00",0
2017.96,-0.842607,2017,12,"2017-12-15 00:00:00",-1
2017.12,0.00939751,2017,2,"2017-2-15 00:00:00",0
2017.21,-0.0375595,2017,3,"2017-3-15 00:00:00",0
2017.29,0.294485,2017,4,"2017-4-15 00:00:00",0
2017.38,0.384811,2017,5,"2017-5-15 00:00:00",0
2017.46,0.306225,2017,6,"2017-6-15 00:00:00",0
2017.54,0.328903,2017,7,"2017-7-15 00:00:00",0
2017.62,-0.111355,2017,8,"2017-8-15 00:00:00",0
2017.71,-0.509554,2017,9,"2017-9-15 00:00:00",-1
2018.79,0.886438,2018,10,"2018-10-15 00:00:00",1
2018.88,1.06139,2018,11,"2018-11-15 00:00:00",1
2018.04,-0.820829,2018,1,"2018-1-15 00:00:00",-1
2018.96,0.985653,2018,12,"2018-12-15 00:00:00",1
2018.12,-0.729483,2018,2,"2018-2-15 00:00:00",-1
2018.21,-0.68511,2018,3,"2018-3-15 00:00:00",-1
2018.29,-0.290836,2018,4,"2018-4-15 00:00:00",0
2018.38,-0.0400791,2018,5,"2018-5-15 00:00:00",0
2018.46,0.207804,2018,6,"2018-6-15 00:00:00",0
2018.54,0.380493,2018,7,"2018-7-15 00:00:00",0
2018.62,0.125425,2018,8,"2018-8-15 00:00:00",0
2018.71,0.351706,2018,9,"2018-9-15 00:00:00",0
2019.79,0.595419,2019,10,"2019-10-15 00:00:00",1
2019.88,0.798555,2019,11,"2019-11-15 00:00:00",1
2019.04,0.56325,2019,1,"2019-1-15 00:00:00",1
2019.96,0.524103,2019,12,"2019-12-15 00:00:00",1
2019.12,0.631887,2019,2,"2019-2-15 00:00:00",1
2019.21,0.85812,2019,3,"2019-3-15 00:00:00",1
2019.29,0.741644,2019,4,"2019-4-15 00:00:00",1
2019.38,0.695421,2019,5,"2019-5-15 00:00:00",1
2019.46,0.742464,2019,6,"2019-6-15 00:00:00",1
2019.54,0.519623,2019,7,"2019-7-15 00:00:00",1
2019.62,0.271315,2019,8,"2019-8-15 00:00:00",0
2019.71,0.154985,2019,9,"2019-9-15 00:00:00",0
2020.79,-1.14831,2020,10,"2020-10-15 00:00:00",-1
2020.88,-0.960775,2020,11,"2020-11-15 00:00:00",-1
2020.04,0.681171,2020,1,"2020-1-15 00:00:00",1
2020.96,-0.961628,2020,12,"2020-12-15 00:00:00",-1
2020.12,0.490927,2020,2,"2020-2-15 00:00:00",0
2020.21,0.40683,2020,3,"2020-3-15 00:00:00",0
2020.29,0.564554,2020,4,"2020-4-15 00:00:00",1
2020.38,-0.04142,2020,5,"2020-5-15 00:00:00",0
2020.46,-0.128826,2020,6,"2020-6-15 00:00:00",0
2020.54,0.0674934,2020,7,"2020-7-15 00:00:00",0
2020.62,-0.341616,2020,8,"2020-8-15 00:00:00",0
2020.71,-0.607735,2020,9,"2020-9-15 00:00:00",-1
2021.04,-0.98288,2021,1,"2021-1-15 00:00:00",-1
2021.12,-0.926313,2021,2,"2021-2-15 00:00:00",-1
